Land;Stadt;Kategorie;Jahr;Stadtteile;Merkmal;Einpersonen;Paar ohne Kind;Paar mit Kindern;Paar mit Nachkommen;Alleinerziehende;Sonst. Mehrpersonenhaushalte;lat;lon
de-sh;Kiel;Bevoelkerung;31.12.2023;Altstadt;Haushalte;520.0;181.0;31.0;8;12;31;54.3232694;10.1394445
de-sh;Kiel;Bevoelkerung;31.12.2023;Vorstadt;Haushalte;739.0;232.0;59.0;9;20;53;54.3196228;10.1315252
de-sh;Kiel;Bevoelkerung;31.12.2023;Exerzierplatz;Haushalte;3218.0;719.0;256.0;22;97;149;54.3209013;10.1273377
de-sh;Kiel;Bevoelkerung;31.12.2023;Damperhof;Haushalte;1757.0;352.0;150.0;15;41;80;54.3265337;10.1336102
de-sh;Kiel;Bevoelkerung;31.12.2023;Brunswik;Haushalte;3442.0;721.0;204.0;32;106;170;54.3284802;10.1384443
de-sh;Kiel;Bevoelkerung;31.12.2023;Duesternbrook;Haushalte;1051.0;337.0;220.0;63;36;109;;
de-sh;Kiel;Bevoelkerung;31.12.2023;Bluecherplatz;Haushalte;4437.0;1288.0;731.0;107;231;261;;
de-sh;Kiel;Bevoelkerung;31.12.2023;Wik;Haushalte;7130.0;2394.0;1152.0;236;401;513;54.3569525;10.1303056
de-sh;Kiel;Bevoelkerung;31.12.2023;Ravensberg;Haushalte;6835.0;1223.0;497.0;56;177;275;54.3434673;10.13196
de-sh;Kiel;Bevoelkerung;31.12.2023;Schreventeich;Haushalte;5487.0;1316.0;549.0;83;199;299;54.3276745;10.1139191
de-sh;Kiel;Bevoelkerung;31.12.2023;Suedfriedhof;Haushalte;7472.0;1621.0;582.0;92;285;386;;
de-sh;Kiel;Bevoelkerung;31.12.2023;Gaarden-Ost;Haushalte;6848.0;1253.0;1233.0;212;717;791;54.3115439;10.1466285
de-sh;Kiel;Bevoelkerung;31.12.2023;Gaarden-Sued/Kronsburg;Haushalte;3317.0;1161.0;686.0;156;284;383;;
de-sh;Kiel;Bevoelkerung;31.12.2023;Hassee;Haushalte;4721.0;1381.0;695.0;166;343;430;54.3046465;10.1007406
de-sh;Kiel;Bevoelkerung;31.12.2023;Hasseldieksdamm;Haushalte;675.0;370.0;195.0;67;46;80;54.3198064;10.0787696
de-sh;Kiel;Bevoelkerung;31.12.2023;Ellerbek;Haushalte;1839.0;621.0;422.0;112;132;184;54.315604;10.165314
de-sh;Kiel;Bevoelkerung;31.12.2023;Wellingdorf;Haushalte;2650.0;936.0;455.0;95;279;298;54.325299;10.1849227
de-sh;Kiel;Bevoelkerung;31.12.2023;Holtenau;Haushalte;1478.0;749.0;313.0;90;96;166;54.3724973;10.1361679
de-sh;Kiel;Bevoelkerung;31.12.2023;Pries;Haushalte;1920.0;862.0;493.0;121;252;251;54.3979145;10.170429
de-sh;Kiel;Bevoelkerung;31.12.2023;Friedrichsort;Haushalte;734.0;201.0;149.0;19;62;70;54.393077;10.1790173
de-sh;Kiel;Bevoelkerung;31.12.2023;Neumuehlen/Dietrichsdorf;Haushalte;3959.0;1329.0;828.0;150;377;470;;
de-sh;Kiel;Bevoelkerung;31.12.2023;Elmschenhagen;Haushalte;4137.0;2125.0;1191.0;311;461;562;54.2934876;10.184575
de-sh;Kiel;Bevoelkerung;31.12.2023;Suchsdorf;Haushalte;1924.0;1271.0;762.0;197;178;248;54.3573804;10.0787571
de-sh;Kiel;Bevoelkerung;31.12.2023;Schilksee;Haushalte;1405.0;880.0;239.0;69;78;135;54.4210463;10.1703279
de-sh;Kiel;Bevoelkerung;31.12.2023;Mettenhof;Haushalte;3552.0;1771.0;1705.0;365;683;788;54.3223529;10.0532291
de-sh;Kiel;Bevoelkerung;31.12.2023;Russee;Haushalte;1292.0;1078.0;530.0;158;158;209;54.3016426;10.0665383
de-sh;Kiel;Bevoelkerung;31.12.2023;Meimersdorf;Haushalte;328.0;313.0;412.0;71;79;89;54.2747652;10.1101233
de-sh;Kiel;Bevoelkerung;31.12.2023;Moorsee;Haushalte;272.0;249.0;265.0;43;45;45;54.264576;10.150361
de-sh;Kiel;Bevoelkerung;31.12.2023;Wellsee;Haushalte;1058.0;597.0;456.0;107;146;170;54.2907296;10.1622402
de-sh;Kiel;Bevoelkerung;31.12.2023;Roenne;Haushalte;76.0;59.0;34.0;7;6;17;;
de-sh;Kiel;Bevoelkerung;31.12.2022;Altstadt;Haushalte;443.0;177.0;29.0;7;10;29;54.3232694;10.1394445
de-sh;Kiel;Bevoelkerung;31.12.2022;Vorstadt;Haushalte;707.0;188.0;49.0;5;22;41;54.3196228;10.1315252
de-sh;Kiel;Bevoelkerung;31.12.2022;Exerzierplatz;Haushalte;3128.0;717.0;245.0;16;97;154;54.3209013;10.1273377
de-sh;Kiel;Bevoelkerung;31.12.2022;Damperhof;Haushalte;1648.0;343.0;148.0;15;41;66;54.3265337;10.1336102
de-sh;Kiel;Bevoelkerung;31.12.2022;Brunswik;Haushalte;3262.0;720.0;213.0;32;114;160;54.3284802;10.1384443
de-sh;Kiel;Bevoelkerung;31.12.2022;Duesternbrook;Haushalte;887.0;394.0;222.0;66;41;101;;
de-sh;Kiel;Bevoelkerung;31.12.2022;Bluecherplatz;Haushalte;4361.0;1279.0;732.0;100;233;249;;
de-sh;Kiel;Bevoelkerung;31.12.2022;Wik;Haushalte;6608.0;2530.0;1214.0;236;417;537;54.3569525;10.1303056
de-sh;Kiel;Bevoelkerung;31.12.2022;Ravensberg;Haushalte;6120.0;1394.0;509.0;56;186;253;54.3434673;10.13196
de-sh;Kiel;Bevoelkerung;31.12.2022;Schreventeich;Haushalte;4852.0;1215.0;562.0;85;192;264;54.3276745;10.1139191
de-sh;Kiel;Bevoelkerung;31.12.2022;Suedfriedhof;Haushalte;7350.0;1578.0;574.0;89;261;398;;
de-sh;Kiel;Bevoelkerung;31.12.2022;Gaarden-Ost;Haushalte;6629.0;1167.0;1177.0;206;693;727;54.3115439;10.1466285
de-sh;Kiel;Bevoelkerung;31.12.2022;Gaarden-Sued/Kronsburg;Haushalte;3214.0;1177.0;700.0;163;289;373;;
de-sh;Kiel;Bevoelkerung;31.12.2022;Hassee;Haushalte;4363.0;1369.0;650.0;162;334;408;54.3046465;10.1007406
de-sh;Kiel;Bevoelkerung;31.12.2022;Hasseldieksdamm;Haushalte;616.0;358.0;199.0;70;52;80;54.3198064;10.0787696
de-sh;Kiel;Bevoelkerung;31.12.2022;Ellerbek;Haushalte;1799.0;615.0;419.0;126;130;190;54.315604;10.165314
de-sh;Kiel;Bevoelkerung;31.12.2022;Wellingdorf;Haushalte;2502.0;903.0;476.0;90;277;281;54.325299;10.1849227
de-sh;Kiel;Bevoelkerung;31.12.2022;Holtenau;Haushalte;1546.0;871.0;397.0;99;117;179;54.3724973;10.1361679
de-sh;Kiel;Bevoelkerung;31.12.2022;Pries;Haushalte;1851.0;843.0;480.0;116;245;239;54.3979145;10.170429
de-sh;Kiel;Bevoelkerung;31.12.2022;Friedrichsort;Haushalte;713.0;202.0;140.0;20;60;59;54.393077;10.1790173
de-sh;Kiel;Bevoelkerung;31.12.2022;Neumuehlen/Dietrichsdorf;Haushalte;3696.0;1416.0;808.0;170;384;459;;
de-sh;Kiel;Bevoelkerung;31.12.2022;Elmschenhagen;Haushalte;4183.0;2153.0;1221.0;317;478;536;54.2934876;10.184575
de-sh;Kiel;Bevoelkerung;31.12.2022;Suchsdorf;Haushalte;1856.0;1297.0;759.0;189;184;245;54.3573804;10.0787571
de-sh;Kiel;Bevoelkerung;31.12.2022;Schilksee;Haushalte;1242.0;885.0;238.0;72;79;140;54.4210463;10.1703279
de-sh;Kiel;Bevoelkerung;31.12.2022;Mettenhof;Haushalte;3338.0;1761.0;1731.0;369;656;740;54.3223529;10.0532291
de-sh;Kiel;Bevoelkerung;31.12.2022;Russee;Haushalte;1320.0;1074.0;539.0;151;148;225;54.3016426;10.0665383
de-sh;Kiel;Bevoelkerung;31.12.2022;Meimersdorf;Haushalte;336.0;305.0;423.0;77;83;84;54.2747652;10.1101233
de-sh;Kiel;Bevoelkerung;31.12.2022;Moorsee;Haushalte;278.0;238.0;265.0;40;42;49;54.264576;10.150361
de-sh;Kiel;Bevoelkerung;31.12.2022;Wellsee;Haushalte;1060.0;617.0;465.0;107;149;163;54.2907296;10.1622402
de-sh;Kiel;Bevoelkerung;31.12.2022;Roenne;Haushalte;77.0;61.0;34.0;9;6;18;;
de-sh;Kiel;Bevoelkerung;31.12.2021;Altstadt;Haushalte;430.0;175.0;40.0;7;13;27;54.3232694;10.1394445
de-sh;Kiel;Bevoelkerung;31.12.2021;Vorstadt;Haushalte;670.0;158.0;41.0;2;13;38;54.3196228;10.1315252
de-sh;Kiel;Bevoelkerung;31.12.2021;Exerzierplatz;Haushalte;3262.0;755.0;240.0;18;89;151;54.3209013;10.1273377
de-sh;Kiel;Bevoelkerung;31.12.2021;Damperhof;Haushalte;1750.0;372.0;135.0;20;47;73;54.3265337;10.1336102
de-sh;Kiel;Bevoelkerung;31.12.2021;Brunswik;Haushalte;3301.0;705.0;225.0;23;99;155;54.3284802;10.1384443
de-sh;Kiel;Bevoelkerung;31.12.2021;Duesternbrook;Haushalte;767.0;340.0;220.0;67;35;92;;
de-sh;Kiel;Bevoelkerung;31.12.2021;Bluecherplatz;Haushalte;4526.0;1338.0;735.0;92;222;262;;
de-sh;Kiel;Bevoelkerung;31.12.2021;Wik;Haushalte;6154.0;2450.0;1203.0;224;390;488;54.3569525;10.1303056
de-sh;Kiel;Bevoelkerung;31.12.2021;Ravensberg;Haushalte;5788.0;1215.0;493.0;54;173;261;54.3434673;10.13196
de-sh;Kiel;Bevoelkerung;31.12.2021;Schreventeich;Haushalte;5372.0;1355.0;595.0;84;175;285;54.3276745;10.1139191
de-sh;Kiel;Bevoelkerung;31.12.2021;Suedfriedhof;Haushalte;7304.0;1653.0;578.0;96;229;366;;
de-sh;Kiel;Bevoelkerung;31.12.2021;Gaarden-Ost;Haushalte;6872.0;1235.0;1236.0;200;624;704;54.3115439;10.1466285
de-sh;Kiel;Bevoelkerung;31.12.2021;Gaarden-Sued/Kronsburg;Haushalte;3221.0;1203.0;700.0;157;254;372;;
de-sh;Kiel;Bevoelkerung;31.12.2021;Hassee;Haushalte;4684.0;1372.0;671.0;177;291;395;54.3046465;10.1007406
de-sh;Kiel;Bevoelkerung;31.12.2021;Hasseldieksdamm;Haushalte;651.0;374.0;214.0;68;49;77;54.3198064;10.0787696
de-sh;Kiel;Bevoelkerung;31.12.2021;Ellerbek;Haushalte;1835.0;650.0;430.0;127;124;206;54.315604;10.165314
de-sh;Kiel;Bevoelkerung;31.12.2021;Wellingdorf;Haushalte;2576.0;962.0;480.0;98;272;280;54.325299;10.1849227
de-sh;Kiel;Bevoelkerung;31.12.2021;Holtenau;Haushalte;1441.0;773.0;324.0;96;96;161;54.3724973;10.1361679
de-sh;Kiel;Bevoelkerung;31.12.2021;Pries;Haushalte;1944.0;877.0;481.0;121;231;251;54.3979145;10.170429
de-sh;Kiel;Bevoelkerung;31.12.2021;Friedrichsort;Haushalte;715.0;203.0;136.0;25;61;69;54.393077;10.1790173
de-sh;Kiel;Bevoelkerung;31.12.2021;Neumuehlen/Dietrichsdorf;Haushalte;3547.0;1359.0;790.0;181;371;428;;
de-sh;Kiel;Bevoelkerung;31.12.2021;Elmschenhagen;Haushalte;4070.0;2162.0;1223.0;310;457;534;54.2934876;10.184575
de-sh;Kiel;Bevoelkerung;31.12.2021;Suchsdorf;Haushalte;1836.0;1294.0;811.0;194;179;255;54.3573804;10.0787571
de-sh;Kiel;Bevoelkerung;31.12.2021;Schilksee;Haushalte;1348.0;924.0;247.0;78;70;148;54.4210463;10.1703279
de-sh;Kiel;Bevoelkerung;31.12.2021;Mettenhof;Haushalte;3482.0;1810.0;1773.0;381;605;745;54.3223529;10.0532291
de-sh;Kiel;Bevoelkerung;31.12.2021;Russee;Haushalte;1265.0;1091.0;553.0;160;145;221;54.3016426;10.0665383
de-sh;Kiel;Bevoelkerung;31.12.2021;Meimersdorf;Haushalte;299.0;304.0;433.0;77;77;87;54.2747652;10.1101233
de-sh;Kiel;Bevoelkerung;31.12.2021;Moorsee;Haushalte;272.0;244.0;263.0;42;41;52;54.264576;10.150361
de-sh;Kiel;Bevoelkerung;31.12.2021;Wellsee;Haushalte;1023.0;626.0;465.0;115;143;161;54.2907296;10.1622402
de-sh;Kiel;Bevoelkerung;31.12.2021;Roenne;Haushalte;75.0;63.0;33.0;7;5;19;;
de-sh;Kiel;Bevoelkerung;31_12_2020;Altstadt;Haushalte;407.0;162.0;42.0;7;10;45;54.3232694;10.1394445
de-sh;Kiel;Bevoelkerung;31_12_2020;Vorstadt;Haushalte;644.0;165.0;42.0;3;13;41;54.3196228;10.1315252
de-sh;Kiel;Bevoelkerung;31_12_2020;Exerzierplatz;Haushalte;3259.0;733.0;254.0;19;78;180;54.3209013;10.1273377
de-sh;Kiel;Bevoelkerung;31_12_2020;Damperhof;Haushalte;1704.0;350.0;134.0;15;38;98;54.3265337;10.1336102
de-sh;Kiel;Bevoelkerung;31_12_2020;Brunswik;Haushalte;3261.0;681.0;234.0;21;97;170;54.3284802;10.1384443
de-sh;Kiel;Bevoelkerung;31_12_2020;Duesternbrook;Haushalte;768.0;352.0;228.0;59;33;99;;
de-sh;Kiel;Bevoelkerung;31_12_2020;Bluecherplatz;Haushalte;4455.0;1312.0;742.0;85;217;280;;
de-sh;Kiel;Bevoelkerung;31_12_2020;Wik;Haushalte;6021.0;2462.0;1206.0;230;389;511;54.3569525;10.1303056
de-sh;Kiel;Bevoelkerung;31_12_2020;Ravensberg;Haushalte;5732.0;1209.0;503.0;57;165;293;54.3434673;10.13196
de-sh;Kiel;Bevoelkerung;31_12_2020;Schreventeich;Haushalte;5303.0;1378.0;607.0;87;169;312;54.3276745;10.1139191
de-sh;Kiel;Bevoelkerung;31_12_2020;Suedfriedhof;Haushalte;7291.0;1627.0;580.0;93;241;417;;
de-sh;Kiel;Bevoelkerung;31_12_2020;Gaarden-Ost;Haushalte;6713.0;1194.0;1243.0;206;617;741;54.3115439;10.1466285
de-sh;Kiel;Bevoelkerung;31_12_2020;Gaarden-Sued/Kronsburg;Haushalte;3146.0;1206.0;700.0;151;251;399;;
de-sh;Kiel;Bevoelkerung;31_12_2020;Hassee;Haushalte;4627.0;1363.0;664.0;181;277;408;54.3046465;10.1007406
de-sh;Kiel;Bevoelkerung;31_12_2020;Hasseldieksdamm;Haushalte;665.0;367.0;222.0;64;48;85;54.3198064;10.0787696
de-sh;Kiel;Bevoelkerung;31_12_2020;Ellerbek;Haushalte;1748.0;664.0;461.0;117;124;226;54.315604;10.165314
de-sh;Kiel;Bevoelkerung;31_12_2020;Wellingdorf;Haushalte;2495.0;957.0;463.0;104;288;291;54.325299;10.1849227
de-sh;Kiel;Bevoelkerung;31_12_2020;Holtenau;Haushalte;1392.0;769.0;323.0;102;104;172;54.3724973;10.1361679
de-sh;Kiel;Bevoelkerung;31_12_2020;Pries;Haushalte;1863.0;880.0;477.0;134;226;272;54.3979145;10.170429
de-sh;Kiel;Bevoelkerung;31_12_2020;Friedrichsort;Haushalte;726.0;207.0;136.0;28;57;73;54.393077;10.1790173
de-sh;Kiel;Bevoelkerung;31_12_2020;Neumuehlen/Dietrichsdorf;Haushalte;3416.0;1353.0;796.0;180;393;458;;
de-sh;Kiel;Bevoelkerung;31_12_2020;Elmschenhagen;Haushalte;3938.0;2169.0;1230.0;340;452;558;54.2934876;10.184575
de-sh;Kiel;Bevoelkerung;31_12_2020;Suchsdorf;Haushalte;1784.0;1270.0;816.0;201;193;262;54.3573804;10.0787571
de-sh;Kiel;Bevoelkerung;31_12_2020;Schilksee;Haushalte;1293.0;934.0;248.0;77;68;166;54.4210463;10.1703279
de-sh;Kiel;Bevoelkerung;31_12_2020;Mettenhof;Haushalte;3402.0;1859.0;1753.0;377;577;740;54.3223529;10.0532291
de-sh;Kiel;Bevoelkerung;31_12_2020;Russee;Haushalte;1275.0;1081.0;552.0;168;143;232;54.3016426;10.0665383
de-sh;Kiel;Bevoelkerung;31_12_2020;Meimersdorf;Haushalte;286.0;309.0;450.0;72;73;82;54.2747652;10.1101233
de-sh;Kiel;Bevoelkerung;31_12_2020;Moorsee;Haushalte;262.0;243.0;259.0;40;36;52;54.264576;10.150361
de-sh;Kiel;Bevoelkerung;31_12_2020;Wellsee;Haushalte;1065.0;619.0;482.0;114;145;166;54.2907296;10.1622402
de-sh;Kiel;Bevoelkerung;31_12_2020;Roenne;Haushalte;70.0;72.0;34.0;8;5;19;;
de-sh;Kiel;Bevoelkerung;31_12_2019;Altstadt;Personen;384.0;153.0;46.0;7;9;43;54.3232694;10.1394445
de-sh;Kiel;Bevoelkerung;31_12_2019;Vorstadt;Personen;657.0;152.0;42.0;4;13;45;54.3196228;10.1315252
de-sh;Kiel;Bevoelkerung;31_12_2019;Exerzierplatz;Personen;3213.0;717.0;261.0;18;79;190;54.3209013;10.1273377
de-sh;Kiel;Bevoelkerung;31_12_2019;Damperhof;Personen;1708.0;341.0;140.0;13;40;99;54.3265337;10.1336102
de-sh;Kiel;Bevoelkerung;31_12_2019;Brunswik;Personen;3252.0;678.0;224.0;34;97;170;54.3284802;10.1384443
de-sh;Kiel;Bevoelkerung;31_12_2019;Duesternbrook;Personen;743.0;336.0;231.0;54;40;104;;
de-sh;Kiel;Bevoelkerung;31_12_2019;Bluecherplatz;Personen;4390.0;1297.0;753.0;88;216;286;;
de-sh;Kiel;Bevoelkerung;31_12_2019;Wik;Personen;5865.0;2428.0;1227.0;235;369;532;54.3569525;10.1303056
de-sh;Kiel;Bevoelkerung;31_12_2019;Ravensberg;Personen;5687.0;1207.0;487.0;68;164;292;54.3434673;10.13196
de-sh;Kiel;Bevoelkerung;31_12_2019;Schreventeich;Personen;5317.0;1377.0;597.0;87;178;322;54.3276745;10.1139191
de-sh;Kiel;Bevoelkerung;31_12_2019;Suedfriedhof;Personen;7257.0;1597.0;597.0;91;244;410;;
de-sh;Kiel;Bevoelkerung;31_12_2019;Gaarden-Ost;Personen;6593.0;1176.0;1233.0;217;650;729;54.3115439;10.1466285
de-sh;Kiel;Bevoelkerung;31_12_2019;Gaarden-Sued/Kronsburg;Personen;3173.0;1181.0;701.0;149;261;382;;
de-sh;Kiel;Bevoelkerung;31_12_2019;Hassee;Personen;4570.0;1369.0;685.0;164;285;436;54.3046465;10.1007406
de-sh;Kiel;Bevoelkerung;31_12_2019;Hasseldieksdamm;Personen;657.0;364.0;221.0;62;42;90;54.3198064;10.0787696
de-sh;Kiel;Bevoelkerung;31_12_2019;Ellerbek;Personen;1742.0;685.0;449.0;117;133;224;54.315604;10.165314
de-sh;Kiel;Bevoelkerung;31_12_2019;Wellingdorf;Personen;2475.0;971.0;468.0;110;284;292;54.325299;10.1849227
de-sh;Kiel;Bevoelkerung;31_12_2019;Holtenau;Personen;1387.0;768.0;315.0;95;104;168;54.3724973;10.1361679
de-sh;Kiel;Bevoelkerung;31_12_2019;Pries;Personen;1856.0;875.0;491.0;127;239;274;54.3979145;10.170429
de-sh;Kiel;Bevoelkerung;31_12_2019;Friedrichsort;Personen;723.0;221.0;136.0;23;52;71;54.393077;10.1790173
de-sh;Kiel;Bevoelkerung;31_12_2019;Neumuehlen/Dietrichsdorf;Personen;3432.0;1391.0;795.0;186;415;456;;
de-sh;Kiel;Bevoelkerung;31_12_2019;Elmschenhagen;Personen;3917.0;2210.0;1229.0;334;474;552;54.2934876;10.184575
de-sh;Kiel;Bevoelkerung;31_12_2019;Suchsdorf;Personen;1791.0;1258.0;841.0;201;185;256;54.3573804;10.0787571
de-sh;Kiel;Bevoelkerung;31_12_2019;Schilksee;Personen;1279.0;943.0;238.0;81;72;160;54.4210463;10.1703279
de-sh;Kiel;Bevoelkerung;31_12_2019;Mettenhof;Personen;3321.0;1887.0;1753.0;368;605;729;54.3223529;10.0532291
de-sh;Kiel;Bevoelkerung;31_12_2019;Russee;Personen;1231.0;1073.0;573.0;172;145;230;54.3016426;10.0665383
de-sh;Kiel;Bevoelkerung;31_12_2019;Meimersdorf;Personen;283.0;305.0;462.0;68;74;86;54.2747652;10.1101233
de-sh;Kiel;Bevoelkerung;31_12_2019;Moorsee;Personen;242.0;245.0;250.0;40;46;53;54.264576;10.150361
de-sh;Kiel;Bevoelkerung;31_12_2019;Wellsee;Personen;1057.0;629.0;467.0;120;154;155;54.2907296;10.1622402
de-sh;Kiel;Bevoelkerung;31_12_2019;Roenne;Personen;70.0;72.0;35.0;8;7;20;;
de-sh;Kiel;Bevoelkerung;31_12_2018;Altstadt;Haushalte;335.0;136.0;38.0;5;7;39;54.3232694;10.1394445
de-sh;Kiel;Bevoelkerung;31_12_2018;Vorstadt;Haushalte;664.0;161.0;43.0;3;9;53;54.3196228;10.1315252
de-sh;Kiel;Bevoelkerung;31_12_2018;Exerzierplatz;Haushalte;3013.0;696.0;262.0;22;74;182;54.3209013;10.1273377
de-sh;Kiel;Bevoelkerung;31_12_2018;Damperhof;Haushalte;1720.0;335.0;136.0;16;43;91;54.3265337;10.1336102
de-sh;Kiel;Bevoelkerung;31_12_2018;Brunswik;Haushalte;3194.0;694.0;218.0;37;109;181;54.3284802;10.1384443
de-sh;Kiel;Bevoelkerung;31_12_2018;Duesternbrook;Haushalte;757.0;341.0;221.0;49;35;111;;
de-sh;Kiel;Bevoelkerung;31_12_2018;Bluecherplatz;Haushalte;4335.0;1341.0;730.0;79;242;295;;
de-sh;Kiel;Bevoelkerung;31_12_2018;Wik;Haushalte;5918.0;2475.0;1235.0;232;379;561;54.3569525;10.1303056
de-sh;Kiel;Bevoelkerung;31_12_2018;Ravensberg;Haushalte;5730.0;1178.0;500.0;53;160;302;54.3434673;10.13196
de-sh;Kiel;Bevoelkerung;31_12_2018;Schreventeich;Haushalte;5194.0;1340.0;589.0;86;188;314;54.3276745;10.1139191
de-sh;Kiel;Bevoelkerung;31_12_2018;Suedfriedhof;Haushalte;7278.0;1638.0;583.0;92;253;411;;
de-sh;Kiel;Bevoelkerung;31_12_2018;Gaarden-Ost;Haushalte;6492.0;1165.0;1193.0;192;631;726;54.3115439;10.1466285
de-sh;Kiel;Bevoelkerung;31_12_2018;Gaarden-Sued/Kronsburg;Haushalte;3171.0;1204.0;704.0;151;275;363;;
de-sh;Kiel;Bevoelkerung;31_12_2018;Hassee;Haushalte;4576.0;1336.0;653.0;174;274;432;54.3046465;10.1007406
de-sh;Kiel;Bevoelkerung;31_12_2018;Hasseldieksdamm;Haushalte;598.0;378.0;220.0;57;45;83;54.3198064;10.0787696
de-sh;Kiel;Bevoelkerung;31_12_2018;Ellerbek;Haushalte;1666.0;703.0;441.0;113;137;208;54.315604;10.165314
de-sh;Kiel;Bevoelkerung;31_12_2018;Wellingdorf;Haushalte;2375.0;961.0;468.0;117;281;280;54.325299;10.1849227
de-sh;Kiel;Bevoelkerung;31_12_2018;Holtenau;Haushalte;1317.0;764.0;321.0;92;101;181;54.3724973;10.1361679
de-sh;Kiel;Bevoelkerung;31_12_2018;Pries;Haushalte;1762.0;861.0;508.0;135;230;261;54.3979145;10.170429
de-sh;Kiel;Bevoelkerung;31_12_2018;Friedrichsort;Haushalte;673.0;217.0;140.0;24;61;68;54.393077;10.1790173
de-sh;Kiel;Bevoelkerung;31_12_2018;Neumuehlen/Dietrichsdorf;Haushalte;3419.0;1383.0;758.0;188;428;452;;
de-sh;Kiel;Bevoelkerung;31_12_2018;Elmschenhagen;Haushalte;3801.0;2178.0;1180.0;331;482;555;54.2934876;10.184575
de-sh;Kiel;Bevoelkerung;31_12_2018;Suchsdorf;Haushalte;1655.0;1253.0;851.0;199;179;259;54.3573804;10.0787571
de-sh;Kiel;Bevoelkerung;31_12_2018;Schilksee;Haushalte;1144.0;930.0;243.0;88;68;156;54.4210463;10.1703279
de-sh;Kiel;Bevoelkerung;31_12_2018;Mettenhof;Haushalte;3259.0;1900.0;1741.0;375;638;714;54.3223529;10.0532291
de-sh;Kiel;Bevoelkerung;31_12_2018;Russee;Haushalte;1212.0;1074.0;572.0;171;154;234;54.3016426;10.0665383
de-sh;Kiel;Bevoelkerung;31_12_2018;Meimersdorf;Haushalte;290.0;291.0;472.0;71;78;81;54.2747652;10.1101233
de-sh;Kiel;Bevoelkerung;31_12_2018;Moorsee;Haushalte;248.0;254.0;254.0;36;43;51;54.264576;10.150361
de-sh;Kiel;Bevoelkerung;31_12_2018;Wellsee;Haushalte;1042.0;623.0;463.0;125;153;145;54.2907296;10.1622402
de-sh;Kiel;Bevoelkerung;31_12_2018;Roenne;Haushalte;62.0;75.0;33.0;9;8;17;;
de-sh;Kiel;Bevoelkerung;31_12_2018;Altstadt;Personen;381.0;236.0;117.0;6;11;84;54.3232694;10.1394445
de-sh;Kiel;Bevoelkerung;31_12_2018;Vorstadt;Personen;669.0;327.0;147.0;16;31;128;54.3196228;10.1315252
de-sh;Kiel;Bevoelkerung;31_12_2018;Exerzierplatz;Personen;3312.0;1517.0;768.0;92;300;522;54.3209013;10.1273377
de-sh;Kiel;Bevoelkerung;31_12_2018;Damperhof;Personen;1747.0;698.0;476.0;53;105;246;54.3265337;10.1336102
de-sh;Kiel;Bevoelkerung;31_12_2018;Brunswik;Personen;3331.0;1392.0;721.0;135;304;462;54.3284802;10.1384443
de-sh;Kiel;Bevoelkerung;31_12_2018;Duesternbrook;Personen;969.0;866.0;872.0;145;122;265;;
de-sh;Kiel;Bevoelkerung;31_12_2018;Bluecherplatz;Personen;4413.0;2581.0;2646.0;259;639;683;;
de-sh;Kiel;Bevoelkerung;31_12_2018;Wik;Personen;6407.0;5368.0;4519.0;832;1190;1340;54.3569525;10.1303056
de-sh;Kiel;Bevoelkerung;31_12_2018;Ravensberg;Personen;6335.0;2888.0;1726.0;170;537;767;54.3434673;10.13196
de-sh;Kiel;Bevoelkerung;31_12_2018;Schreventeich;Personen;5369.0;2863.0;2070.0;222;589;775;54.3276745;10.1139191
de-sh;Kiel;Bevoelkerung;31_12_2018;Suedfriedhof;Personen;7578.0;3360.0;2090.0;335;838;1135;;
de-sh;Kiel;Bevoelkerung;31_12_2018;Gaarden-Ost;Personen;6859.0;2432.0;4762.0;723;2286;1816;54.3115439;10.1466285
de-sh;Kiel;Bevoelkerung;31_12_2018;Gaarden-Sued/Kronsburg;Personen;3402.0;2438.0;2628.0;498;848;950;;
de-sh;Kiel;Bevoelkerung;31_12_2018;Hassee;Personen;4676.0;2700.0;2426.0;554;929;1062;54.3046465;10.1007406
de-sh;Kiel;Bevoelkerung;31_12_2018;Hasseldieksdamm;Personen;664.0;754.0;864.0;176;161;233;54.3198064;10.0787696
de-sh;Kiel;Bevoelkerung;31_12_2018;Ellerbek;Personen;1817.0;1444.0;1733.0;313;432;582;54.315604;10.165314
de-sh;Kiel;Bevoelkerung;31_12_2018;Wellingdorf;Personen;2545.0;1949.0;1672.0;398;771;697;54.325299;10.1849227
de-sh;Kiel;Bevoelkerung;31_12_2018;Holtenau;Personen;1442.0;1584.0;1428.0;279;373;596;54.3724973;10.1361679
de-sh;Kiel;Bevoelkerung;31_12_2018;Pries;Personen;1860.0;1788.0;1858.0;464;726;725;54.3979145;10.170429
de-sh;Kiel;Bevoelkerung;31_12_2018;Friedrichsort;Personen;712.0;461.0;506.0;83;156;174;54.393077;10.1790173
de-sh;Kiel;Bevoelkerung;31_12_2018;Neumuehlen/Dietrichsdorf;Personen;3652.0;2955.0;2966.0;669;1344;1145;;
de-sh;Kiel;Bevoelkerung;31_12_2018;Elmschenhagen;Personen;4089.0;4312.0;4654.0;1203;1568;1394;54.2934876;10.184575
de-sh;Kiel;Bevoelkerung;31_12_2018;Suchsdorf;Personen;1756.0;2563.0;3225.0;690;543;619;54.3573804;10.0787571
de-sh;Kiel;Bevoelkerung;31_12_2018;Schilksee;Personen;1293.0;1845.0;986.0;316;196;391;54.4210463;10.1703279
de-sh;Kiel;Bevoelkerung;31_12_2018;Mettenhof;Personen;3421.0;3820.0;7496.0;1236;2266;1792;54.3223529;10.0532291
de-sh;Kiel;Bevoelkerung;31_12_2018;Russee;Personen;1257.0;2088.0;2108.0;576;453;594;54.3016426;10.0665383
de-sh;Kiel;Bevoelkerung;31_12_2018;Meimersdorf;Personen;313.0;579.0;1858.0;206;231;172;54.2747652;10.1101233
de-sh;Kiel;Bevoelkerung;31_12_2018;Moorsee;Personen;253.0;499.0;944.0;131;122;145;54.264576;10.150361
de-sh;Kiel;Bevoelkerung;31_12_2018;Wellsee;Personen;1109.0;1245.0;1813.0;355;450;353;54.2907296;10.1622402
de-sh;Kiel;Bevoelkerung;31_12_2018;Roenne;Personen;70.0;150.0;128.0;22;19;36;;
de-sh;Kiel;Bevoelkerung;31_12_2017;Altstadt;Haushalte;381.0;118.0;31.0;1;4;32;54.3232694;10.1394445
de-sh;Kiel;Bevoelkerung;31_12_2017;Vorstadt;Haushalte;669.0;163.0;38.0;5;13;51;54.3196228;10.1315252
de-sh;Kiel;Bevoelkerung;31_12_2017;Exerzierplatz;Haushalte;3312.0;758.0;217.0;27;117;222;54.3209013;10.1273377
de-sh;Kiel;Bevoelkerung;31_12_2017;Damperhof;Haushalte;1747.0;350.0;128.0;16;46;109;54.3265337;10.1336102
de-sh;Kiel;Bevoelkerung;31_12_2017;Brunswik;Haushalte;3331.0;696.0;196.0;43;129;199;54.3284802;10.1384443
de-sh;Kiel;Bevoelkerung;31_12_2017;Duesternbrook;Haushalte;969.0;436.0;221.0;44;48;111;;
de-sh;Kiel;Bevoelkerung;31_12_2017;Bluecherplatz;Haushalte;4413.0;1289.0;713.0;81;272;302;;
de-sh;Kiel;Bevoelkerung;31_12_2017;Wik;Haushalte;6407.0;2684.0;1183.0;255;460;568;54.3569525;10.1303056
de-sh;Kiel;Bevoelkerung;31_12_2017;Ravensberg;Haushalte;6335.0;1444.0;467.0;52;219;337;54.3434673;10.13196
de-sh;Kiel;Bevoelkerung;31_12_2017;Schreventeich;Haushalte;5369.0;1431.0;553.0;67;229;339;54.3276745;10.1139191
de-sh;Kiel;Bevoelkerung;31_12_2017;Suedfriedhof;Haushalte;7578.0;1677.0;557.0;98;328;485;;
de-sh;Kiel;Bevoelkerung;31_12_2017;Gaarden-Ost;Haushalte;6859.0;1216.0;1132.0;203;774;753;54.3115439;10.1466285
de-sh;Kiel;Bevoelkerung;31_12_2017;Gaarden-Sued/Kronsburg;Haushalte;3402.0;1219.0;663.0;150;321;399;;
de-sh;Kiel;Bevoelkerung;31_12_2017;Hassee;Haushalte;4676.0;1350.0;620.0;165;362;456;54.3046465;10.1007406
de-sh;Kiel;Bevoelkerung;31_12_2017;Hasseldieksdamm;Haushalte;664.0;377.0;217.0;54;57;94;54.3198064;10.0787696
de-sh;Kiel;Bevoelkerung;31_12_2017;Ellerbek;Haushalte;1817.0;723.0;422.0;92;154;236;54.315604;10.165314
de-sh;Kiel;Bevoelkerung;31_12_2017;Wellingdorf;Haushalte;2545.0;976.0;433.0;121;302;299;54.325299;10.1849227
de-sh;Kiel;Bevoelkerung;31_12_2017;Holtenau;Haushalte;1442.0;791.0;362.0;87;135;227;54.3724973;10.1361679
de-sh;Kiel;Bevoelkerung;31_12_2017;Pries;Haushalte;1860.0;894.0;476.0;139;269;307;54.3979145;10.170429
de-sh;Kiel;Bevoelkerung;31_12_2017;Friedrichsort;Haushalte;712.0;230.0;130.0;26;59;75;54.393077;10.1790173
de-sh;Kiel;Bevoelkerung;31_12_2017;Neumuehlen/Dietrichsdorf;Haushalte;3652.0;1478.0;737.0;198;490;481;;
de-sh;Kiel;Bevoelkerung;31_12_2017;Elmschenhagen;Haushalte;4089.0;2156.0;1166.0;364;578;586;54.2934876;10.184575
de-sh;Kiel;Bevoelkerung;31_12_2017;Suchsdorf;Haushalte;1756.0;1282.0;824.0;216;206;265;54.3573804;10.0787571
de-sh;Kiel;Bevoelkerung;31_12_2017;Schilksee;Haushalte;1293.0;921.0;253.0;98;80;175;54.4210463;10.1703279
de-sh;Kiel;Bevoelkerung;31_12_2017;Mettenhof;Haushalte;3421.0;1910.0;1689.0;365;734;737;54.3223529;10.0532291
de-sh;Kiel;Bevoelkerung;31_12_2017;Russee;Haushalte;1257.0;1044.0;552.0;181;174;244;54.3016426;10.0665383
de-sh;Kiel;Bevoelkerung;31_12_2017;Meimersdorf;Haushalte;313.0;289.0;478.0;60;91;72;54.2747652;10.1101233
de-sh;Kiel;Bevoelkerung;31_12_2017;Moorsee;Haushalte;253.0;249.0;245.0;39;43;61;54.264576;10.150361
de-sh;Kiel;Bevoelkerung;31_12_2017;Wellsee;Haushalte;1109.0;623.0;463.0;110;165;148;54.2907296;10.1622402
de-sh;Kiel;Bevoelkerung;31_12_2017;Roenne;Haushalte;70.0;75.0;33.0;7;7;17;;
de-sh;Kiel;Bevoelkerung;31_12_2017;Altstadt;Personen;381.0;236.0;117.0;6;11;84;54.3232694;10.1394445
de-sh;Kiel;Bevoelkerung;31_12_2017;Vorstadt;Personen;669.0;327.0;147.0;16;31;128;54.3196228;10.1315252
de-sh;Kiel;Bevoelkerung;31_12_2017;Exerzierplatz;Personen;3312.0;1517.0;768.0;92;300;522;54.3209013;10.1273377
de-sh;Kiel;Bevoelkerung;31_12_2017;Damperhof;Personen;1747.0;698.0;476.0;53;105;246;54.3265337;10.1336102
de-sh;Kiel;Bevoelkerung;31_12_2017;Brunswik;Personen;3331.0;1392.0;721.0;135;304;462;54.3284802;10.1384443
de-sh;Kiel;Bevoelkerung;31_12_2017;Duesternbrook;Personen;969.0;866.0;872.0;145;122;265;;
de-sh;Kiel;Bevoelkerung;31_12_2017;Bluecherplatz;Personen;4413.0;2581.0;2646.0;259;639;683;;
de-sh;Kiel;Bevoelkerung;31_12_2017;Wik;Personen;6407.0;5368.0;4519.0;832;1190;1340;54.3569525;10.1303056
de-sh;Kiel;Bevoelkerung;31_12_2017;Ravensberg;Personen;6335.0;2888.0;1726.0;170;537;767;54.3434673;10.13196
de-sh;Kiel;Bevoelkerung;31_12_2017;Schreventeich;Personen;5369.0;2863.0;2070.0;222;589;775;54.3276745;10.1139191
de-sh;Kiel;Bevoelkerung;31_12_2017;Suedfriedhof;Personen;7578.0;3360.0;2090.0;335;838;1135;;
de-sh;Kiel;Bevoelkerung;31_12_2017;Gaarden-Ost;Personen;6859.0;2432.0;4762.0;723;2286;1816;54.3115439;10.1466285
de-sh;Kiel;Bevoelkerung;31_12_2017;Gaarden-Sued/Kronsburg;Personen;3402.0;2438.0;2628.0;498;848;950;;
de-sh;Kiel;Bevoelkerung;31_12_2017;Hassee;Personen;4676.0;2700.0;2426.0;554;929;1062;54.3046465;10.1007406
de-sh;Kiel;Bevoelkerung;31_12_2017;Hasseldieksdamm;Personen;664.0;754.0;864.0;176;161;233;54.3198064;10.0787696
de-sh;Kiel;Bevoelkerung;31_12_2017;Ellerbek;Personen;1817.0;1444.0;1733.0;313;432;582;54.315604;10.165314
de-sh;Kiel;Bevoelkerung;31_12_2017;Wellingdorf;Personen;2545.0;1949.0;1672.0;398;771;697;54.325299;10.1849227
de-sh;Kiel;Bevoelkerung;31_12_2017;Holtenau;Personen;1442.0;1584.0;1428.0;279;373;596;54.3724973;10.1361679
de-sh;Kiel;Bevoelkerung;31_12_2017;Pries;Personen;1860.0;1788.0;1858.0;464;726;725;54.3979145;10.170429
de-sh;Kiel;Bevoelkerung;31_12_2017;Friedrichsort;Personen;712.0;461.0;506.0;83;156;174;54.393077;10.1790173
de-sh;Kiel;Bevoelkerung;31_12_2017;Neumuehlen/Dietrichsdorf;Personen;3652.0;2955.0;2966.0;669;1344;1145;;
de-sh;Kiel;Bevoelkerung;31_12_2017;Elmschenhagen;Personen;4089.0;4312.0;4654.0;1203;1568;1394;54.2934876;10.184575
de-sh;Kiel;Bevoelkerung;31_12_2017;Suchsdorf;Personen;1756.0;2563.0;3225.0;690;543;619;54.3573804;10.0787571
de-sh;Kiel;Bevoelkerung;31_12_2017;Schilksee;Personen;1293.0;1845.0;986.0;316;196;391;54.4210463;10.1703279
de-sh;Kiel;Bevoelkerung;31_12_2017;Mettenhof;Personen;3421.0;3820.0;7496.0;1236;2266;1792;54.3223529;10.0532291
de-sh;Kiel;Bevoelkerung;31_12_2017;Russee;Personen;1257.0;2088.0;2108.0;576;453;594;54.3016426;10.0665383
de-sh;Kiel;Bevoelkerung;31_12_2017;Meimersdorf;Personen;313.0;579.0;1858.0;206;231;172;54.2747652;10.1101233
de-sh;Kiel;Bevoelkerung;31_12_2017;Moorsee;Personen;253.0;499.0;944.0;131;122;145;54.264576;10.150361
de-sh;Kiel;Bevoelkerung;31_12_2017;Wellsee;Personen;1109.0;1245.0;1813.0;355;450;353;54.2907296;10.1622402
de-sh;Kiel;Bevoelkerung;31_12_2017;Roenne;Personen;70.0;150.0;128.0;22;19;36;;
de-sh;Kiel;Bevoelkerung;31_12_2016;Altstadt;Haushalte;369.0;93.0;26.0;1;10;27;54.3232694;10.1394445
de-sh;Kiel;Bevoelkerung;31_12_2016;Vorstadt;Haushalte;647.0;158.0;37.0;3;14;56;54.3196228;10.1315252
de-sh;Kiel;Bevoelkerung;31_12_2016;Exerzierplatz;Haushalte;3353.0;733.0;206.0;21;122;232;54.3209013;10.1273377
de-sh;Kiel;Bevoelkerung;31_12_2016;Damperhof;Haushalte;1743.0;348.0;142.0;15;42;106;54.3265337;10.1336102
de-sh;Kiel;Bevoelkerung;31_12_2016;Brunswik;Haushalte;3345.0;700.0;207.0;49;134;189;54.3284802;10.1384443
de-sh;Kiel;Bevoelkerung;31_12_2016;Duesternbrook;Haushalte;936.0;431.0;214.0;47;53;111;;
de-sh;Kiel;Bevoelkerung;31_12_2016;Bluecherplatz;Haushalte;4423.0;1291.0;702.0;87;274;302;;
de-sh;Kiel;Bevoelkerung;31_12_2016;Wik;Haushalte;6287.0;2723.0;1226.0;245;480;558;54.3569525;10.1303056
de-sh;Kiel;Bevoelkerung;31_12_2016;Ravensberg;Haushalte;6261.0;1493.0;448.0;61;235;309;54.3434673;10.13196
de-sh;Kiel;Bevoelkerung;31_12_2016;Schreventeich;Haushalte;5425.0;1439.0;537.0;78;229;330;54.3276745;10.1139191
de-sh;Kiel;Bevoelkerung;31_12_2016;Suedfriedhof;Haushalte;7649.0;1691.0;525.0;98;315;477;;
de-sh;Kiel;Bevoelkerung;31_12_2016;Gaarden-Ost;Haushalte;7001.0;1229.0;1087.0;194;759;799;54.3115439;10.1466285
de-sh;Kiel;Bevoelkerung;31_12_2016;Gaarden-Sued/Kronsburg;Haushalte;3409.0;1200.0;652.0;162;326;385;;
de-sh;Kiel;Bevoelkerung;31_12_2016;Hassee;Haushalte;4648.0;1336.0;625.0;171;366;447;54.3046465;10.1007406
de-sh;Kiel;Bevoelkerung;31_12_2016;Hasseldieksdamm;Haushalte;669.0;361.0;224.0;53;59;97;54.3198064;10.0787696
de-sh;Kiel;Bevoelkerung;31_12_2016;Ellerbek;Haushalte;1792.0;705.0;417.0;92;154;234;54.315604;10.165314
de-sh;Kiel;Bevoelkerung;31_12_2016;Wellingdorf;Haushalte;2519.0;979.0;435.0;132;313;294;54.325299;10.1849227
de-sh;Kiel;Bevoelkerung;31_12_2016;Holtenau;Haushalte;1457.0;817.0;384.0;86;138;233;54.3724973;10.1361679
de-sh;Kiel;Bevoelkerung;31_12_2016;Pries;Haushalte;1882.0;896.0;484.0;136;285;307;54.3979145;10.170429
de-sh;Kiel;Bevoelkerung;31_12_2016;Friedrichsort;Haushalte;704.0;237.0;131.0;27;65;69;54.393077;10.1790173
de-sh;Kiel;Bevoelkerung;31_12_2016;Neumuehlen/Dietrichsdorf;Haushalte;3626.0;1481.0;709.0;191;539;447;;
de-sh;Kiel;Bevoelkerung;31_12_2016;Elmschenhagen;Haushalte;4049.0;2138.0;1183.0;373;600;582;54.2934876;10.184575
de-sh;Kiel;Bevoelkerung;31_12_2016;Suchsdorf;Haushalte;1781.0;1261.0;830.0;220;208;261;54.3573804;10.0787571
de-sh;Kiel;Bevoelkerung;31_12_2016;Schilksee;Haushalte;1281.0;926.0;260.0;95;82;186;54.4210463;10.1703279
de-sh;Kiel;Bevoelkerung;31_12_2016;Mettenhof;Haushalte;3385.0;1932.0;1680.0;369;748;734;54.3223529;10.0532291
de-sh;Kiel;Bevoelkerung;31_12_2016;Russee;Haushalte;1261.0;1043.0;571.0;178;178;232;54.3016426;10.0665383
de-sh;Kiel;Bevoelkerung;31_12_2016;Meimersdorf;Haushalte;303.0;295.0;461.0;60;86;75;54.2747652;10.1101233
de-sh;Kiel;Bevoelkerung;31_12_2016;Moorsee;Haushalte;253.0;242.0;243.0;38;47;61;54.264576;10.150361
de-sh;Kiel;Bevoelkerung;31_12_2016;Wellsee;Haushalte;1076.0;622.0;443.0;119;173;143;54.2907296;10.1622402
de-sh;Kiel;Bevoelkerung;31_12_2016;Roenne;Haushalte;72.0;76.0;33.0;7;6;18;;
de-sh;Kiel;Bevoelkerung;31_12_2016;Altstadt;Personen;369.0;187.0;95.0;7;30;69;54.3232694;10.1394445
de-sh;Kiel;Bevoelkerung;31_12_2016;Vorstadt;Personen;647.0;318.0;137.0;9;31;133;54.3196228;10.1315252
de-sh;Kiel;Bevoelkerung;31_12_2016;Exerzierplatz;Personen;3.353;1467.0;726.0;69;310;555;54.3209013;10.1273377
de-sh;Kiel;Bevoelkerung;31_12_2016;Damperhof;Personen;1.743;694.0;523.0;50;94;245;54.3265337;10.1336102
de-sh;Kiel;Bevoelkerung;31_12_2016;Brunswik;Personen;3.345;1401.0;758.0;154;309;453;54.3284802;10.1384443
de-sh;Kiel;Bevoelkerung;31_12_2016;Duesternbrook;Personen;936.0;861.0;841.0;163;132;270;;
de-sh;Kiel;Bevoelkerung;31_12_2016;Blücherplatz;Personen;4.423;2.587;2607.0;277;656;675;;
de-sh;Kiel;Bevoelkerung;31_12_2016;Wik;Personen;6.287;5.443;4.698;794;1204;1311;54.3569525;10.1303056
de-sh;Kiel;Bevoelkerung;31_12_2016;Ravensberg;Personen;6.261;2.986;1669.0;206;575;689;54.3434673;10.13196
de-sh;Kiel;Bevoelkerung;31_12_2016;Schreventeich;Personen;5.425;2.876;2015.0;263;574;754;54.3276745;10.1139191
de-sh;Kiel;Bevoelkerung;31_12_2016;Suedfriedhof;Personen;7.649;3.386;1992.0;326;795;1134;;
de-sh;Kiel;Bevoelkerung;31_12_2016;Gaarden-Ost;Personen;7.001;2.458;4.606;682;2248;1911;54.3115439;10.1466285
de-sh;Kiel;Bevoelkerung;31_12_2016;Gaarden-Sued/Kronsburg;Personen;3.409;2.4;2572.0;535;864;907;;
de-sh;Kiel;Bevoelkerung;31_12_2016;Hassee;Personen;4.648;2.673;2428.0;571;944;1042;54.3046465;10.1007406
de-sh;Kiel;Bevoelkerung;31_12_2016;Hasseldieksdamm;Personen;669.0;722.0;899.0;170;156;237;54.3198064;10.0787696
de-sh;Kiel;Bevoelkerung;31_12_2016;Ellerbek;Personen;1.792;1410.0;1723.0;303;416;582;54.315604;10.165314
de-sh;Kiel;Bevoelkerung;31_12_2016;Wellingdorf;Personen;2.519;1.956;1676.0;435;805;692;54.325299;10.1849227
de-sh;Kiel;Bevoelkerung;31_12_2016;Holtenau;Personen;1.457;1634.0;1562.0;282;355;597;54.3724973;10.1361679
de-sh;Kiel;Bevoelkerung;31_12_2016;Pries;Personen;1.882;1792.0;1872.0;454;757;736;54.3979145;10.170429
de-sh;Kiel;Bevoelkerung;31_12_2016;Friedrichsort;Personen;704.0;474.0;498.0;88;173;159;54.393077;10.1790173
de-sh;Kiel;Bevoelkerung;31_12_2016;Neumuehlen/Dietrichsdorf;Personen;3.626;2.968;2858.0;650;1450;1079;;
de-sh;Kiel;Bevoelkerung;31_12_2016;Elmschenhagen;Personen;4.049;4.276;4.685;1209;1593;1384;54.2934876;10.184575
de-sh;Kiel;Bevoelkerung;31_12_2016;Suchsdorf;Personen;1.781;2.52;3246.0;714;547;606;54.3573804;10.0787571
de-sh;Kiel;Bevoelkerung;31_12_2016;Schilksee;Personen;1.281;1857.0;1023.0;307;213;416;54.4210463;10.1703279
de-sh;Kiel;Bevoelkerung;31_12_2016;Mettenhof;Personen;3.385;3.863;7.395;1258;2267;1791;54.3223529;10.0532291
de-sh;Kiel;Bevoelkerung;31_12_2016;Russee;Personen;1.261;2.086;2165.0;578;469;554;54.3016426;10.0665383
de-sh;Kiel;Bevoelkerung;31_12_2016;Meimersdorf;Personen;303.0;591.0;1786.0;201;220;181;54.2747652;10.1101233
de-sh;Kiel;Bevoelkerung;31_12_2016;Moorsee;Personen;253.0;485.0;927.0;127;140;147;54.264576;10.150361
de-sh;Kiel;Bevoelkerung;31_12_2016;Wellsee;Personen;1.076;1245.0;1748.0;387;475;333;54.2907296;10.1622402
de-sh;Kiel;Bevoelkerung;31_12_2016;Roenne;Personen;72.0;152.0;126.0;22;18;40;;
de-sh;Kiel;Bevoelkerung;31_12_2015;Altstadt;Haushalte;358.0;88.0;17.0;1;7;20;54.3232694;10.1394445
de-sh;Kiel;Bevoelkerung;31_12_2015;Vorstadt;Haushalte;633.0;153.0;36.0;3;19;65;54.3196228;10.1315252
de-sh;Kiel;Bevoelkerung;31_12_2015;Exerzierplatz;Haushalte;3.367;721.0;186.0;25;130;223;54.3209013;10.1273377
de-sh;Kiel;Bevoelkerung;31_12_2015;Damperhof;Haushalte;1.767;354.0;131.0;12;50;94;54.3265337;10.1336102
de-sh;Kiel;Bevoelkerung;31_12_2015;Brunswik;Haushalte;3.44;717.0;205.0;44;140;169;54.3284802;10.1384443
de-sh;Kiel;Bevoelkerung;31_12_2015;Duesternbrook;Haushalte;952.0;415.0;214.0;52;53;103;;
de-sh;Kiel;Bevoelkerung;31_12_2015;Bluecherplatz;Haushalte;4.505;1.306;664.0;101;284;298;;
de-sh;Kiel;Bevoelkerung;31_12_2015;Wik;Haushalte;6.328;2.623;1.193;233;486;548;54.3569525;10.1303056
de-sh;Kiel;Bevoelkerung;31_12_2015;Ravensberg;Haushalte;6.39;1.404;457.0;56;229;286;54.3434673;10.13196
de-sh;Kiel;Bevoelkerung;31_12_2015;Schreventeich;Haushalte;5.533;1.394;520.0;93;225;337;54.3276745;10.1139191
de-sh;Kiel;Bevoelkerung;31_12_2015;Suedfriedhof;Haushalte;7.595;1.697;522.0;89;312;457;;
de-sh;Kiel;Bevoelkerung;31_12_2015;Gaarden-Ost;Haushalte;6.965;1.258;1.014;179;750;728;54.3115439;10.1466285
de-sh;Kiel;Bevoelkerung;31_12_2015;Gaarden-Sued/Kronsburg;Haushalte;3.355;1.192;661.0;172;315;381;;
de-sh;Kiel;Bevoelkerung;31_12_2015;Hassee;Haushalte;4.706;1.336;623.0;170;383;436;54.3046465;10.1007406
de-sh;Kiel;Bevoelkerung;31_12_2015;Hasseldieksdamm;Haushalte;681.0;357.0;224.0;47;66;92;54.3198064;10.0787696
de-sh;Kiel;Bevoelkerung;31_12_2015;Ellerbek;Haushalte;1.76;703.0;395.0;87;147;224;54.315604;10.165314
de-sh;Kiel;Bevoelkerung;31_12_2015;Wellingdorf;Haushalte;2.484;1.01;429.0;130;295;313;54.325299;10.1849227
de-sh;Kiel;Bevoelkerung;31_12_2015;Holtenau;Haushalte;1.593;808.0;397.0;83;145;220;54.3724973;10.1361679
de-sh;Kiel;Bevoelkerung;31_12_2015;Pries;Haushalte;1.898;929.0;478.0;125;280;290;54.3979145;10.170429
de-sh;Kiel;Bevoelkerung;31_12_2015;Friedrichsort;Haushalte;695.0;243.0;121.0;27;80;64;54.393077;10.1790173
de-sh;Kiel;Bevoelkerung;31_12_2015;Neumuehlen/Dietrichsdorf;Haushalte;3.536;1.371;696.0;202;530;438;;
de-sh;Kiel;Bevoelkerung;31_12_2015;Elmschenhagen;Haushalte;4.042;2.149;1.197;377;588;562;54.2934876;10.184575
de-sh;Kiel;Bevoelkerung;31_12_2015;Suchsdorf;Haushalte;1.767;1.268;843.0;212;215;254;54.3573804;10.0787571
de-sh;Kiel;Bevoelkerung;31_12_2015;Schilksee;Haushalte;1.267;918.0;252.0;98;76;179;54.4210463;10.1703279
de-sh;Kiel;Bevoelkerung;31_12_2015;Mettenhof;Haushalte;3.37;1.971;1.633;370;767;713;54.3223529;10.0532291
de-sh;Kiel;Bevoelkerung;31_12_2015;Russee;Haushalte;1.23;1.038;570.0;186;185;214;54.3016426;10.0665383
de-sh;Kiel;Bevoelkerung;31_12_2015;Meimersdorf;Haushalte;306.0;288.0;460.0;63;90;79;54.2747652;10.1101233
de-sh;Kiel;Bevoelkerung;31_12_2015;Moorsee;Haushalte;247.0;252.0;230.0;34;46;54;54.264576;10.150361
de-sh;Kiel;Bevoelkerung;31_12_2015;Wellsee;Haushalte;1.04;651.0;450.0;106;154;144;54.2907296;10.1622402
de-sh;Kiel;Bevoelkerung;31_12_2015;Roenne;Haushalte;69.0;75.0;35.0;10;4;19;;
de-sh;Kiel;Bevoelkerung;31_12_2015;Altstadt;Personen;358.0;177.0;60.0;4;20;46;54.3232694;10.1394445
de-sh;Kiel;Bevoelkerung;31_12_2015;Vorstadt;Personen;633.0;306.0;132.0;9;49;176;54.3196228;10.1315252
de-sh;Kiel;Bevoelkerung;31_12_2015;Exerzierplatz;Personen;3367.0;1436.0;653.0;84;327;530;54.3209013;10.1273377
de-sh;Kiel;Bevoelkerung;31_12_2015;Damperhof;Personen;1767.0;708.0;486.0;38;116;214;54.3265337;10.1336102
de-sh;Kiel;Bevoelkerung;31_12_2015;Brunswik;Personen;3440.0;1436.0;748.0;138;320;406;54.3284802;10.1384443
de-sh;Kiel;Bevoelkerung;31_12_2015;Duesternbrook;Personen;952.0;828.0;857.0;175;130;250;;
de-sh;Kiel;Bevoelkerung;31_12_2015;Bluecherplatz;Personen;4505.0;2614.0;2476.0;316;684;650;;
de-sh;Kiel;Bevoelkerung;31_12_2015;Wik;Personen;6328.0;5229.0;4536.0;747;1231;1246;54.3569525;10.1303056
de-sh;Kiel;Bevoelkerung;31_12_2015;Ravensberg;Personen;6390.0;2804.0;1677.0;187;558;630;54.3434673;10.13196
de-sh;Kiel;Bevoelkerung;31_12_2015;Schreventeich;Personen;5533.0;2784.0;1942.0;311;553;775;54.3276745;10.1139191
de-sh;Kiel;Bevoelkerung;31_12_2015;Suedfriedhof;Personen;7595.0;3391.0;1972.0;295;762;1087;;
de-sh;Kiel;Bevoelkerung;31_12_2015;Gaarden-Ost;Personen;6965.0;2514.0;4326.0;613;2157;1739;54.3115439;10.1466285
de-sh;Kiel;Bevoelkerung;31_12_2015;Gaarden-Sued/Kronsburg;Personen;3355.0;2385.0;2583.0;563;819;882;;
de-sh;Kiel;Bevoelkerung;31_12_2015;Hassee;Personen;4706.0;2673.0;2391.0;568;993;1003;54.3046465;10.1007406
de-sh;Kiel;Bevoelkerung;31_12_2015;Hasseldieksdamm;Personen;681.0;715.0;887.0;152;172;231;54.3198064;10.0787696
de-sh;Kiel;Bevoelkerung;31_12_2015;Ellerbek;Personen;1760.0;1405.0;1612.0;296;395;535;54.315604;10.165314
de-sh;Kiel;Bevoelkerung;31_12_2015;Wellingdorf;Personen;2484.0;2019.0;1625.0;427;738;717;54.325299;10.1849227
de-sh;Kiel;Bevoelkerung;31_12_2015;Holtenau;Personen;1593.0;1617.0;1570.0;274;382;558;54.3724973;10.1361679
de-sh;Kiel;Bevoelkerung;31_12_2015;Pries;Personen;1898.0;1858.0;1850.0;420;738;686;54.3979145;10.170429
de-sh;Kiel;Bevoelkerung;31_12_2015;Friedrichsort;Personen;695.0;486.0;459.0;89;218;148;54.393077;10.1790173
de-sh;Kiel;Bevoelkerung;31_12_2015;Neumuehlen/Dietrichsdorf;Personen;3536.0;2742.0;2768.0;680;1404;1043;;
de-sh;Kiel;Bevoelkerung;31_12_2015;Elmschenhagen;Personen;4042.0;4298.0;4735.0;1236;1563;1318;54.2934876;10.184575
de-sh;Kiel;Bevoelkerung;31_12_2015;Suchsdorf;Personen;1767.0;2535.0;3285.0;703;557;589;54.3573804;10.0787571
de-sh;Kiel;Bevoelkerung;31_12_2015;Schilksee;Personen;1267.0;1838.0;970.0;316;188;404;54.4210463;10.1703279
de-sh;Kiel;Bevoelkerung;31_12_2015;Mettenhof;Personen;3370.0;3944.0;7105.0;1255;2320;1721;54.3223529;10.0532291
de-sh;Kiel;Bevoelkerung;31_12_2015;Russee;Personen;1230.0;2076.0;2163.0;605;480;503;54.3016426;10.0665383
de-sh;Kiel;Bevoelkerung;31_12_2015;Meimersdorf;Personen;306.0;575.0;1784.0;205;224;194;54.2747652;10.1101233
de-sh;Kiel;Bevoelkerung;31_12_2015;Moorsee;Personen;247.0;503.0;865.0;112;126;127;54.264576;10.150361
de-sh;Kiel;Bevoelkerung;31_12_2015;Wellsee;Personen;1040.0;1304.0;1761.0;347;427;329;54.2907296;10.1622402
de-sh;Kiel;Bevoelkerung;31_12_2015;Roenne;Personen;69.0;150.0;125.0;30;12;42;;
