Land;Stadt;Kategorie;Stadtteil;Jahr;ledig;verheiratet;verwitwet;geschieden;lat;lon
de-sh;Kiel;Bevoelkerung;Altstadt;31_12_2023;702;339;94;85;54.3232694;10.1394445
de-sh;Kiel;Bevoelkerung;Vorstadt;31_12_2023;1038;377;102;131;54.3196228;10.1315252
de-sh;Kiel;Bevoelkerung;Exerzierplatz;31_12_2023;4207;1269;344;479;54.3209013;10.1273377
de-sh;Kiel;Bevoelkerung;Damperhof;31_12_2023;2320;691;174;251;54.3265337;10.1336102
de-sh;Kiel;Bevoelkerung;Brunswik;31_12_2023;4322;1280;381;490;54.3284802;10.1384443
de-sh;Kiel;Bevoelkerung;Duesternbrook;31_12_2023;1527;1210;171;200;;
de-sh;Kiel;Bevoelkerung;Bluecherplatz;31_12_2023;6738;3187;402;907;;
de-sh;Kiel;Bevoelkerung;Wik;31_12_2023;11294;6276;973;1602;54.3569525;10.1303056
de-sh;Kiel;Bevoelkerung;Ravensberg;31_12_2023;8922;2214;326;821;54.3434673;10.13196
de-sh;Kiel;Bevoelkerung;Schreventeich;31_12_2023;7900;2611;405;776;54.3276745;10.1139191
de-sh;Kiel;Bevoelkerung;Suedfriedhof;31_12_2023;10674;2915;712;1103;;
de-sh;Kiel;Bevoelkerung;Gaarden-Ost;31_12_2023;12356;4404;647;1822;54.3115439;10.1466285
de-sh;Kiel;Bevoelkerung;Gaarden-Sued/Kronsburg;31_12_2023;5518;3657;699;969;;
de-sh;Kiel;Bevoelkerung;Hassee;31_12_2023;7248;3762;700;1166;54.3046465;10.1007406
de-sh;Kiel;Bevoelkerung;Hasseldieksdamm;31_12_2023;1128;1215;173;230;54.3198064;10.0787696
de-sh;Kiel;Bevoelkerung;Ellerbek;31_12_2023;2972;2160;460;588;54.315604;10.165314
de-sh;Kiel;Bevoelkerung;Wellingdorf;31_12_2023;3882;2684;623;862;54.325299;10.1849227
de-sh;Kiel;Bevoelkerung;Holtenau;31_12_2023;3147;2181;398;480;54.3724973;10.1361679
de-sh;Kiel;Bevoelkerung;Pries;31_12_2023;3380;2720;486;764;54.3979145;10.170429
de-sh;Kiel;Bevoelkerung;Friedrichsort;31_12_2023;1029;675;172;227;54.393077;10.1790173
de-sh;Kiel;Bevoelkerung;Neumuehlen/Dietrichsdorf;31_12_2023;6771;4212;760;1102;;
de-sh;Kiel;Bevoelkerung;Elmschenhagen;31_12_2023;7819;6832;1015;1498;54.2934876;10.184575
de-sh;Kiel;Bevoelkerung;Suchsdorf;31_12_2023;3531;4285;630;669;54.3573804;10.0787571
de-sh;Kiel;Bevoelkerung;Schilksee;31_12_2023;1463;2381;554;459;54.4210463;10.1703279
de-sh;Kiel;Bevoelkerung;Mettenhof;31_12_2023;10173;7113;1180;1474;54.3223529;10.0532291
de-sh;Kiel;Bevoelkerung;Russee;31_12_2023;2587;3427;415;504;54.3016426;10.0665383
de-sh;Kiel;Bevoelkerung;Meimersdorf;31_12_2023;1413;1534;106;166;54.2747652;10.1101233
de-sh;Kiel;Bevoelkerung;Moorsee;31_12_2023;942;1045;88;115;54.264576;10.150361
de-sh;Kiel;Bevoelkerung;Wellsee;31_12_2023;2369;2206;222;422;54.2907296;10.1622402
de-sh;Kiel;Bevoelkerung;Roenne;31_12_2023;150;194;35;25;;
de-sh;Kiel;Bevoelkerung;Altstadt;31_12_2022;717;316;99;81;54.3232694;10.1394445
de-sh;Kiel;Bevoelkerung;Vorstadt;31_12_2022;916;330;96;115;54.3196228;10.1315252
de-sh;Kiel;Bevoelkerung;Exerzierplatz;31_12_2022;4204;1263;353;476;54.3209013;10.1273377
de-sh;Kiel;Bevoelkerung;Damperhof;31_12_2022;2287;706;171;250;54.3265337;10.1336102
de-sh;Kiel;Bevoelkerung;Brunswik;31_12_2022;4219;1274;391;506;54.3284802;10.1384443
de-sh;Kiel;Bevoelkerung;Duesternbrook;31_12_2022;1631;1199;174;201;;
de-sh;Kiel;Bevoelkerung;Bluecherplatz;31_12_2022;6781;3165;407;902;;
de-sh;Kiel;Bevoelkerung;Wik;31_12_2022;11204;6240;972;1610;54.3569525;10.1303056
de-sh;Kiel;Bevoelkerung;Ravensberg;31_12_2022;8749;2254;330;822;54.3434673;10.13196
de-sh;Kiel;Bevoelkerung;Schreventeich;31_12_2022;7773;2615;421;793;54.3276745;10.1139191
de-sh;Kiel;Bevoelkerung;Suedfriedhof;31_12_2022;10489;2878;712;1075;;
de-sh;Kiel;Bevoelkerung;Gaarden-Ost;31_12_2022;12015;4247;668;1852;54.3115439;10.1466285
de-sh;Kiel;Bevoelkerung;Gaarden-Sued/Kronsburg;31_12_2022;5404;3681;700;985;;
de-sh;Kiel;Bevoelkerung;Hassee;31_12_2022;7041;3680;705;1169;54.3046465;10.1007406
de-sh;Kiel;Bevoelkerung;Hasseldieksdamm;31_12_2022;1139;1206;183;231;54.3198064;10.0787696
de-sh;Kiel;Bevoelkerung;Ellerbek;31_12_2022;2935;2186;478;608;54.315604;10.165314
de-sh;Kiel;Bevoelkerung;Wellingdorf;31_12_2022;3819;2739;622;873;54.325299;10.1849227
de-sh;Kiel;Bevoelkerung;Holtenau;31_12_2022;2963;2236;397;498;54.3724973;10.1361679
de-sh;Kiel;Bevoelkerung;Pries;31_12_2022;3312;2701;498;795;54.3979145;10.170429
de-sh;Kiel;Bevoelkerung;Friedrichsort;31_12_2022;975;676;173;219;54.393077;10.1790173
de-sh;Kiel;Bevoelkerung;Neumuehlen/Dietrichsdorf;31_12_2022;6588;4230;767;1124;;
de-sh;Kiel;Bevoelkerung;Elmschenhagen;31_12_2022;7770;6903;999;1533;54.2934876;10.184575
de-sh;Kiel;Bevoelkerung;Suchsdorf;31_12_2022;3499;4325;625;645;54.3573804;10.0787571
de-sh;Kiel;Bevoelkerung;Schilksee;31_12_2022;1441;2410;565;464;54.4210463;10.1703279
de-sh;Kiel;Bevoelkerung;Mettenhof;31_12_2022;10192;7205;1179;1516;54.3223529;10.0532291
de-sh;Kiel;Bevoelkerung;Russee;31_12_2022;2575;3428;410;521;54.3016426;10.0665383
de-sh;Kiel;Bevoelkerung;Meimersdorf;31_12_2022;1477;1523;109;170;54.2747652;10.1101233
de-sh;Kiel;Bevoelkerung;Moorsee;31_12_2022;907;1018;93;123;54.264576;10.150361
de-sh;Kiel;Bevoelkerung;Wellsee;31_12_2022;2424;2213;208;432;54.2907296;10.1622402
de-sh;Kiel;Bevoelkerung;Roenne;31_12_2022;156;198;37;25;;
de-sh;Kiel;Bevoelkerung;Altstadt;31_12_2021;650;318;96;89;54.3232694;10.1394445
de-sh;Kiel;Bevoelkerung;Vorstadt;31_12_2021;779;297;90;109;54.3196228;10.1315252
de-sh;Kiel;Bevoelkerung;Exerzierplatz;31_12_2021;4215;1275;364;489;54.3209013;10.1273377
de-sh;Kiel;Bevoelkerung;Damperhof;31_12_2021;2251;717;166;262;54.3265337;10.1336102
de-sh;Kiel;Bevoelkerung;Brunswik;31_12_2021;4104;1253;406;507;54.3284802;10.1384443
de-sh;Kiel;Bevoelkerung;Duesternbrook;31_12_2021;1564;1212;173;186;;
de-sh;Kiel;Bevoelkerung;Bluecherplatz;31_12_2021;6829;3175;414;894;;
de-sh;Kiel;Bevoelkerung;Wik;31_12_2021;10551;6355;972;1609;54.3569525;10.1303056
de-sh;Kiel;Bevoelkerung;Ravensberg;31_12_2021;8809;2211;349;832;54.3434673;10.13196
de-sh;Kiel;Bevoelkerung;Schreventeich;31_12_2021;7809;2678;426;801;54.3276745;10.1139191
de-sh;Kiel;Bevoelkerung;Suedfriedhof;31_12_2021;10373;2975;704;1077;;
de-sh;Kiel;Bevoelkerung;Gaarden-Ost;31_12_2021;11805;4357;676;1890;54.3115439;10.1466285
de-sh;Kiel;Bevoelkerung;Gaarden-Sued/Kronsburg;31_12_2021;5318;3713;659;990;;
de-sh;Kiel;Bevoelkerung;Hassee;31_12_2021;6884;3720;702;1165;54.3046465;10.1007406
de-sh;Kiel;Bevoelkerung;Hasseldieksdamm;31_12_2021;1162;1241;183;219;54.3198064;10.0787696
de-sh;Kiel;Bevoelkerung;Ellerbek;31_12_2021;2873;2236;483;624;54.315604;10.165314
de-sh;Kiel;Bevoelkerung;Wellingdorf;31_12_2021;3779;2766;636;886;54.325299;10.1849227
de-sh;Kiel;Bevoelkerung;Holtenau;31_12_2021;2669;2221;397;498;54.3724973;10.1361679
de-sh;Kiel;Bevoelkerung;Pries;31_12_2021;3214;2759;499;801;54.3979145;10.170429
de-sh;Kiel;Bevoelkerung;Friedrichsort;31_12_2021;963;679;180;219;54.393077;10.1790173
de-sh;Kiel;Bevoelkerung;Neumuehlen/Dietrichsdorf;31_12_2021;6426;4241;808;1135;;
de-sh;Kiel;Bevoelkerung;Elmschenhagen;31_12_2021;7616;6975;979;1555;54.2934876;10.184575
de-sh;Kiel;Bevoelkerung;Suchsdorf;31_12_2021;3566;4396;619;660;54.3573804;10.0787571
de-sh;Kiel;Bevoelkerung;Schilksee;31_12_2021;1424;2477;562;462;54.4210463;10.1703279
de-sh;Kiel;Bevoelkerung;Mettenhof;31_12_2021;10004;7306;1191;1555;54.3223529;10.0532291
de-sh;Kiel;Bevoelkerung;Russee;31_12_2021;2593;3490;400;505;54.3016426;10.0665383
de-sh;Kiel;Bevoelkerung;Meimersdorf;31_12_2021;1466;1531;101;166;54.2747652;10.1101233
de-sh;Kiel;Bevoelkerung;Moorsee;31_12_2021;927;1021;92;128;54.264576;10.150361
de-sh;Kiel;Bevoelkerung;Wellsee;31_12_2021;2412;2233;205;432;54.2907296;10.1622402
de-sh;Kiel;Bevoelkerung;Roenne;31_12_2021;144;205;34;23;;
de-sh;Kiel;Bevoelkerung;Altstadt;31_12_2020;666;317;107;85;54.3232694;10.1394445
de-sh;Kiel;Bevoelkerung;Vorstadt;31_12_2020;760;317;90;109;54.3196228;10.1315252
de-sh;Kiel;Bevoelkerung;Exerzierplatz;31_12_2020;4239;1314;382;478;54.3209013;10.1273377
de-sh;Kiel;Bevoelkerung;Damperhof;31_12_2020;2196;708;168;263;54.3265337;10.1336102
de-sh;Kiel;Bevoelkerung;Brunswik;31_12_2020;4010;1301;405;521;54.3284802;10.1384443
de-sh;Kiel;Bevoelkerung;Duesternbrook;31_12_2020;1591;1246;165;194;;
de-sh;Kiel;Bevoelkerung;Bluecherplatz;31_12_2020;6733;3183;405;909;;
de-sh;Kiel;Bevoelkerung;Wik;31_12_2020;10594;6394;984;1593;54.3569525;10.1303056
de-sh;Kiel;Bevoelkerung;Ravensberg;31_12_2020;8804;2247;353;841;54.3434673;10.13196
de-sh;Kiel;Bevoelkerung;Schreventeich;31_12_2020;7885;2692;447;820;54.3276745;10.1139191
de-sh;Kiel;Bevoelkerung;Suedfriedhof;31_12_2020;10455;3003;730;1122;;
de-sh;Kiel;Bevoelkerung;Gaarden-Ost;31_12_2020;11713;4382;678;1904;54.3115439;10.1466285
de-sh;Kiel;Bevoelkerung;Gaarden-Sued/Kronsburg;31_12_2020;5240;3750;668;988;;
de-sh;Kiel;Bevoelkerung;Hassee;31_12_2020;6781;3748;703;1182;54.3046465;10.1007406
de-sh;Kiel;Bevoelkerung;Hasseldieksdamm;31_12_2020;1178;1253;185;220;54.3198064;10.0787696
de-sh;Kiel;Bevoelkerung;Ellerbek;31_12_2020;2888;2311;489;631;54.315604;10.165314
de-sh;Kiel;Bevoelkerung;Wellingdorf;31_12_2020;3700;2810;631;883;54.325299;10.1849227
de-sh;Kiel;Bevoelkerung;Holtenau;31_12_2020;2584;2242;401;488;54.3724973;10.1361679
de-sh;Kiel;Bevoelkerung;Pries;31_12_2020;3177;2786;495;809;54.3979145;10.170429
de-sh;Kiel;Bevoelkerung;Friedrichsort;31_12_2020;961;691;194;230;54.393077;10.1790173
de-sh;Kiel;Bevoelkerung;Neumuehlen/Dietrichsdorf;31_12_2020;6343;4242;822;1155;;
de-sh;Kiel;Bevoelkerung;Elmschenhagen;31_12_2020;7602;7058;983;1550;54.2934876;10.184575
de-sh;Kiel;Bevoelkerung;Suchsdorf;31_12_2020;3560;4415;625;662;54.3573804;10.0787571
de-sh;Kiel;Bevoelkerung;Schilksee;31_12_2020;1400;2515;550;461;54.4210463;10.1703279
de-sh;Kiel;Bevoelkerung;Mettenhof;31_12_2020;9755;7386;1202;1576;54.3223529;10.0532291
de-sh;Kiel;Bevoelkerung;Russee;31_12_2020;2596;3512;399;505;54.3016426;10.0665383
de-sh;Kiel;Bevoelkerung;Meimersdorf;31_12_2020;1474;1565;91;162;54.2747652;10.1101233
de-sh;Kiel;Bevoelkerung;Moorsee;31_12_2020;875;1025;87;122;54.264576;10.150361
de-sh;Kiel;Bevoelkerung;Wellsee;31_12_2020;2458;2260;208;439;54.2907296;10.1622402
de-sh;Kiel;Bevoelkerung;Roenne;31_12_2020;146;226;28;23;;
de-sh;Kiel;Bevoelkerung;Altstadt;31_12_2019;607;346;98;88;54.3232694;10.1394445
de-sh;Kiel;Bevoelkerung;Vorstadt;31_12_2019;757;323;90;114;54.3196228;10.1315252
de-sh;Kiel;Bevoelkerung;Exerzierplatz;31_12_2019;4179;1344;396;490;54.3209013;10.1273377
de-sh;Kiel;Bevoelkerung;Damperhof;31_12_2019;2195;719;169;256;54.3265337;10.1336102
de-sh;Kiel;Bevoelkerung;Brunswik;31_12_2019;3994;1311;400;520;54.3284802;10.1384443
de-sh;Kiel;Bevoelkerung;Duesternbrook;31_12_2019;1607;1227;154;199;;
de-sh;Kiel;Bevoelkerung;Bluecherplatz;31_12_2019;6649;3206;420;903;;
de-sh;Kiel;Bevoelkerung;Wik;31_12_2019;10520;6434;1003;1604;54.3569525;10.1303056
de-sh;Kiel;Bevoelkerung;Ravensberg;31_12_2019;8715;2262;359;824;54.3434673;10.13196
de-sh;Kiel;Bevoelkerung;Schreventeich;31_12_2019;7884;2698;457;830;54.3276745;10.1139191
de-sh;Kiel;Bevoelkerung;Suedfriedhof;31_12_2019;10289;3035;757;1131;;
de-sh;Kiel;Bevoelkerung;Gaarden-Ost;31_12_2019;11488;4434;697;1939;54.3115439;10.1466285
de-sh;Kiel;Bevoelkerung;Gaarden-Sued/Kronsburg;31_12_2019;5171;3789;689;986;;
de-sh;Kiel;Bevoelkerung;Hassee;31_12_2019;6788;3748;719;1222;54.3046465;10.1007406
de-sh;Kiel;Bevoelkerung;Hasseldieksdamm;31_12_2019;1161;1237;181;222;54.3198064;10.0787696
de-sh;Kiel;Bevoelkerung;Ellerbek;31_12_2019;2850;2331;495;646;54.315604;10.165314
de-sh;Kiel;Bevoelkerung;Wellingdorf;31_12_2019;3679;2847;645;878;54.325299;10.1849227
de-sh;Kiel;Bevoelkerung;Holtenau;31_12_2019;2465;2271;393;498;54.3724973;10.1361679
de-sh;Kiel;Bevoelkerung;Pries;31_12_2019;3185;2799;495;828;54.3979145;10.170429
de-sh;Kiel;Bevoelkerung;Friedrichsort;31_12_2019;940;710;196;223;54.393077;10.1790173
de-sh;Kiel;Bevoelkerung;Neumuehlen/Dietrichsdorf;31_12_2019;6413;4303;848;1178;;
de-sh;Kiel;Bevoelkerung;Elmschenhagen;31_12_2019;7555;7171;971;1567;54.2934876;10.184575
de-sh;Kiel;Bevoelkerung;Suchsdorf;31_12_2019;3604;4437;613;660;54.3573804;10.0787571
de-sh;Kiel;Bevoelkerung;Schilksee;31_12_2019;1364;2542;542;457;54.4210463;10.1703279
de-sh;Kiel;Bevoelkerung;Mettenhof;31_12_2019;9623;7450;1228;1596;54.3223529;10.0532291
de-sh;Kiel;Bevoelkerung;Russee;31_12_2019;2613;3528;417;496;54.3016426;10.0665383
de-sh;Kiel;Bevoelkerung;Meimersdorf;31_12_2019;1499;1553;92;169;54.2747652;10.1101233
de-sh;Kiel;Bevoelkerung;Moorsee;31_12_2019;872;1021;88;113;54.264576;10.150361
de-sh;Kiel;Bevoelkerung;Wellsee;31_12_2019;2440;2260;213;437;54.2907296;10.1622402
de-sh;Kiel;Bevoelkerung;Roenne;31_12_2019;158;228;27;23;;
de-sh;Kiel;Bevoelkerung;Altstadt;31_12_2018;544;289;93;80;54.3232694;10.1394445
de-sh;Kiel;Bevoelkerung;Vorstadt;31_12_2018;780;331;93;109;54.3196228;10.1315252
de-sh;Kiel;Bevoelkerung;Exerzierplatz;31_12_2018;4224;1360;422;501;54.3209013;10.1273377
de-sh;Kiel;Bevoelkerung;Damperhof;31_12_2018;2240;692;174;271;54.3265337;10.1336102
de-sh;Kiel;Bevoelkerung;Brunswik;31_12_2018;4051;1333;415;519;54.3284802;10.1384443
de-sh;Kiel;Bevoelkerung;Duesternbrook;31_12_2018;1584;1224;145;205;;
de-sh;Kiel;Bevoelkerung;Bluecherplatz;31_12_2018;6678;3219;430;890;;
de-sh;Kiel;Bevoelkerung;Wik;31_12_2018;10591;6479;992;1633;54.3569525;10.1303056
de-sh;Kiel;Bevoelkerung;Ravensberg;31_12_2018;8725;2279;354;824;54.3434673;10.13196
de-sh;Kiel;Bevoelkerung;Schreventeich;31_12_2018;7949;2713;478;838;54.3276745;10.1139191
de-sh;Kiel;Bevoelkerung;Suedfriedhof;31_12_2018;10420;3070;762;1135;;
de-sh;Kiel;Bevoelkerung;Gaarden-Ost;31_12_2018;11384;4535;714;2000;54.3115439;10.1466285
de-sh;Kiel;Bevoelkerung;Gaarden-Sued/Kronsburg;31_12_2018;5194;3809;693;1003;;
de-sh;Kiel;Bevoelkerung;Hassee;31_12_2018;6703;3702;719;1216;54.3046465;10.1007406
de-sh;Kiel;Bevoelkerung;Hasseldieksdamm;31_12_2018;1167;1255;189;216;54.3198064;10.0787696
de-sh;Kiel;Bevoelkerung;Ellerbek;31_12_2018;2855;2380;487;641;54.315604;10.165314
de-sh;Kiel;Bevoelkerung;Wellingdorf;31_12_2018;3677;2862;636;851;54.325299;10.1849227
de-sh;Kiel;Bevoelkerung;Holtenau;31_12_2018;2576;2309;406;472;54.3724973;10.1361679
de-sh;Kiel;Bevoelkerung;Pries;31_12_2018;3232;2872;508;810;54.3979145;10.170429
de-sh;Kiel;Bevoelkerung;Friedrichsort;31_12_2018;936;724;199;224;54.393077;10.1790173
de-sh;Kiel;Bevoelkerung;Neumuehlen/Dietrichsdorf;31_12_2018;6353;4296;845;1183;;
de-sh;Kiel;Bevoelkerung;Elmschenhagen;31_12_2018;7524;7202;981;1577;54.2934876;10.184575
de-sh;Kiel;Bevoelkerung;Suchsdorf;31_12_2018;3576;4485;609;669;54.3573804;10.0787571
de-sh;Kiel;Bevoelkerung;Schilksee;31_12_2018;1375;2592;548;458;54.4210463;10.1703279
de-sh;Kiel;Bevoelkerung;Mettenhof;31_12_2018;9659;7501;1247;1601;54.3223529;10.0532291
de-sh;Kiel;Bevoelkerung;Russee;31_12_2018;2610;3528;415;513;54.3016426;10.0665383
de-sh;Kiel;Bevoelkerung;Meimersdorf;31_12_2018;1535;1553;81;157;54.2747652;10.1101233
de-sh;Kiel;Bevoelkerung;Moorsee;31_12_2018;862;1041;84;111;54.264576;10.150361
de-sh;Kiel;Bevoelkerung;Wellsee;31_12_2018;2405;2249;221;427;54.2907296;10.1622402
de-sh;Kiel;Bevoelkerung;Roenne;31_12_2018;150;227;25;23;;
de-sh;Kiel;Bevoelkerung;Altstadt;31_12_2017;471;208;94;62;54.3232694;10.1394445
de-sh;Kiel;Bevoelkerung;Vorstadt;31_12_2017;785;333;89;111;54.3196228;10.1315252
de-sh;Kiel;Bevoelkerung;Exerzierplatz;31_12_2017;4238;1334;433;506;54.3209013;10.1273377
de-sh;Kiel;Bevoelkerung;Damperhof;31_12_2017;2156;714;181;274;54.3265337;10.1336102
de-sh;Kiel;Bevoelkerung;Brunswik;31_12_2017;4036;1338;432;539;54.3284802;10.1384443
de-sh;Kiel;Bevoelkerung;Duesternbrook;31_12_2017;1645;1242;146;206;;
de-sh;Kiel;Bevoelkerung;Bluecherplatz;31_12_2017;6692;3186;449;894;;
de-sh;Kiel;Bevoelkerung;Wik;31_12_2017;10657;6409;980;1610;54.3569525;10.1303056
de-sh;Kiel;Bevoelkerung;Ravensberg;31_12_2017;8929;2284;380;830;54.3434673;10.13196
de-sh;Kiel;Bevoelkerung;Schreventeich;31_12_2017;7851;2718;495;824;54.3276745;10.1139191
de-sh;Kiel;Bevoelkerung;Suedfriedhof;31_12_2017;10355;3095;770;1116;;
de-sh;Kiel;Bevoelkerung;Gaarden-Ost;31_12_2017;11549;4535;714;2080;54.3115439;10.1466285
de-sh;Kiel;Bevoelkerung;Gaarden-Sued/Kronsburg;31_12_2017;5246;3801;689;1028;;
de-sh;Kiel;Bevoelkerung;Hassee;31_12_2017;6720;3671;728;1228;54.3046465;10.1007406
de-sh;Kiel;Bevoelkerung;Hasseldieksdamm;31_12_2017;1184;1250;194;224;54.3198064;10.0787696
de-sh;Kiel;Bevoelkerung;Ellerbek;31_12_2017;2794;2384;490;653;54.315604;10.165314
de-sh;Kiel;Bevoelkerung;Wellingdorf;31_12_2017;3655;2886;635;856;54.325299;10.1849227
de-sh;Kiel;Bevoelkerung;Holtenau;31_12_2017;2452;2344;415;491;54.3724973;10.1361679
de-sh;Kiel;Bevoelkerung;Pries;31_12_2017;3163;2951;514;793;54.3979145;10.170429
de-sh;Kiel;Bevoelkerung;Friedrichsort;31_12_2017;908;746;197;241;54.393077;10.1790173
de-sh;Kiel;Bevoelkerung;Neumuehlen/Dietrichsdorf;31_12_2017;6335;4300;868;1228;;
de-sh;Kiel;Bevoelkerung;Elmschenhagen;31_12_2017;7434;7212;988;1586;54.2934876;10.184575
de-sh;Kiel;Bevoelkerung;Suchsdorf;31_12_2017;3592;4502;616;686;54.3573804;10.0787571
de-sh;Kiel;Bevoelkerung;Schilksee;31_12_2017;1429;2586;548;464;54.4210463;10.1703279
de-sh;Kiel;Bevoelkerung;Mettenhof;31_12_2017;9600;7564;1239;1628;54.3223529;10.0532291
de-sh;Kiel;Bevoelkerung;Russee;31_12_2017;2614;3524;417;521;54.3016426;10.0665383
de-sh;Kiel;Bevoelkerung;Meimersdorf;31_12_2017;1555;1562;84;158;54.2747652;10.1101233
de-sh;Kiel;Bevoelkerung;Moorsee;31_12_2017;868;1029;89;108;54.264576;10.150361
de-sh;Kiel;Bevoelkerung;Wellsee;31_12_2017;2423;2234;231;437;54.2907296;10.1622402
de-sh;Kiel;Bevoelkerung;Roenne;31_12_2017;146;226;28;25;;
de-sh;Kiel;Bevoelkerung;Altstadt;31_12_2016;424;180;92;61;54.3232694;10.1394445
de-sh;Kiel;Bevoelkerung;Vorstadt;31_12_2016;757;322;85;111;54.3196228;10.1315252
de-sh;Kiel;Bevoelkerung;Exerzierplatz;31_12_2016;4227;1303;455;495;54.3209013;10.1273377
de-sh;Kiel;Bevoelkerung;Damperhof;31_12_2016;2154;743;188;264;54.3265337;10.1336102
de-sh;Kiel;Bevoelkerung;Brunswik;31_12_2016;4047;1415;435;523;54.3284802;10.1384443
de-sh;Kiel;Bevoelkerung;Duesternbrook;31_12_2016;1657;1206;139;201;;
de-sh;Kiel;Bevoelkerung;Bluecherplatz;31_12_2016;6703;3165;460;897;;
de-sh;Kiel;Bevoelkerung;Wik;31_12_2016;10606;6487;1007;1637;54.3569525;10.1303056
de-sh;Kiel;Bevoelkerung;Ravensberg;31_12_2016;8899;2244;389;854;54.3434673;10.13196
de-sh;Kiel;Bevoelkerung;Schreventeich;31_12_2016;7855;2739;481;832;54.3276745;10.1139191
de-sh;Kiel;Bevoelkerung;Suedfriedhof;31_12_2016;10313;3081;780;1108;;
de-sh;Kiel;Bevoelkerung;Gaarden-Ost;31_12_2016;11473;4574;725;2134;54.3115439;10.1466285
de-sh;Kiel;Bevoelkerung;Gaarden-Sued/Kronsburg;31_12_2016;5194;3796;684;1013;;
de-sh;Kiel;Bevoelkerung;Hassee;31_12_2016;6642;3697;723;1244;54.3046465;10.1007406
de-sh;Kiel;Bevoelkerung;Hasseldieksdamm;31_12_2016;1180;1252;200;221;54.3198064;10.0787696
de-sh;Kiel;Bevoelkerung;Ellerbek;31_12_2016;2704;2374;496;652;54.315604;10.165314
de-sh;Kiel;Bevoelkerung;Wellingdorf;31_12_2016;3629;2921;649;884;54.325299;10.1849227
de-sh;Kiel;Bevoelkerung;Holtenau;31_12_2016;2567;2419;421;480;54.3724973;10.1361679
de-sh;Kiel;Bevoelkerung;Pries;31_12_2016;3239;2979;507;768;54.3979145;10.170429
de-sh;Kiel;Bevoelkerung;Friedrichsort;31_12_2016;906;746;200;244;54.393077;10.1790173
de-sh;Kiel;Bevoelkerung;Neumuehlen/Dietrichsdorf;31_12_2016;6180;4315;876;1260;;
de-sh;Kiel;Bevoelkerung;Elmschenhagen;31_12_2016;7405;7249;984;1558;54.2934876;10.184575
de-sh;Kiel;Bevoelkerung;Suchsdorf;31_12_2016;3608;4521;615;670;54.3573804;10.0787571
de-sh;Kiel;Bevoelkerung;Schilksee;31_12_2016;1468;2620;538;471;54.4210463;10.1703279
de-sh;Kiel;Bevoelkerung;Mettenhof;31_12_2016;9465;7620;1237;1637;54.3223529;10.0532291
de-sh;Kiel;Bevoelkerung;Russee;31_12_2016;2640;3541;412;520;54.3016426;10.0665383
de-sh;Kiel;Bevoelkerung;Meimersdorf;31_12_2016;1512;1525;80;165;54.2747652;10.1101233
de-sh;Kiel;Bevoelkerung;Moorsee;31_12_2016;843;1029;92;115;54.264576;10.150361
de-sh;Kiel;Bevoelkerung;Wellsee;31_12_2016;2361;2241;229;433;54.2907296;10.1622402
de-sh;Kiel;Bevoelkerung;Roenne;31_12_2016;148;222;27;33;;
de-sh;Kiel;Bevoelkerung;Altstadt;31_12_2015;368;133;95;58;54.3232694;10.1394445
de-sh;Kiel;Bevoelkerung;Vorstadt;31_12_2015;660;310;82;113;54.3196228;10.1315252
de-sh;Kiel;Bevoelkerung;Exerzierplatz;31_12_2015;4074;1350;449;515;54.3209013;10.1273377
de-sh;Kiel;Bevoelkerung;Damperhof;31_12_2015;2141;729;188;261;54.3265337;10.1336102
de-sh;Kiel;Bevoelkerung;Brunswik;31_12_2015;4031;1437;450;546;54.3284802;10.1384443
de-sh;Kiel;Bevoelkerung;Duesternbrook;31_12_2015;1647;1211;152;190;;
de-sh;Kiel;Bevoelkerung;Bluecherplatz;31_12_2015;6605;3150;473;886;;
de-sh;Kiel;Bevoelkerung;Wik;31_12_2015;9731;6425;1019;1638;54.3569525;10.1303056
de-sh;Kiel;Bevoelkerung;Ravensberg;31_12_2015;8666;2192;404;819;54.3434673;10.13196
de-sh;Kiel;Bevoelkerung;Schreventeich;31_12_2015;7738;2830;494;816;54.3276745;10.1139191
de-sh;Kiel;Bevoelkerung;Suedfriedhof;31_12_2015;9919;2996;820;1160;;
de-sh;Kiel;Bevoelkerung;Gaarden-Ost;31_12_2015;10340;4417;735;2170;54.3115439;10.1466285
de-sh;Kiel;Bevoelkerung;Gaarden-Sued/Kronsburg;31_12_2015;4971;3815;714;1038;;
de-sh;Kiel;Bevoelkerung;Hassee;31_12_2015;6469;3810;734;1233;54.3046465;10.1007406
de-sh;Kiel;Bevoelkerung;Hasseldieksdamm;31_12_2015;1132;1252;206;207;54.3198064;10.0787696
de-sh;Kiel;Bevoelkerung;Ellerbek;31_12_2015;2475;2310;480;629;54.315604;10.165314
de-sh;Kiel;Bevoelkerung;Wellingdorf;31_12_2015;3462;2952;669;901;54.325299;10.1849227
de-sh;Kiel;Bevoelkerung;Holtenau;31_12_2015;1976;2344;419;465;54.3724973;10.1361679
de-sh;Kiel;Bevoelkerung;Pries;31_12_2015;3094;2970;542;775;54.3979145;10.170429
de-sh;Kiel;Bevoelkerung;Friedrichsort;31_12_2015;880;759;207;213;54.393077;10.1790173
de-sh;Kiel;Bevoelkerung;Neumuehlen/Dietrichsdorf;31_12_2015;5549;4309;885;1262;;
de-sh;Kiel;Bevoelkerung;Elmschenhagen;31_12_2015;7135;7324;1012;1566;54.2934876;10.184575
de-sh;Kiel;Bevoelkerung;Suchsdorf;31_12_2015;3556;4567;630;674;54.3573804;10.0787571
de-sh;Kiel;Bevoelkerung;Schilksee;31_12_2015;1377;2647;550;456;54.4210463;10.1703279
de-sh;Kiel;Bevoelkerung;Mettenhof;31_12_2015;8934;7566;1239;1686;54.3223529;10.0532291
de-sh;Kiel;Bevoelkerung;Russee;31_12_2015;2633;3553;387;514;54.3016426;10.0665383
de-sh;Kiel;Bevoelkerung;Meimersdorf;31_12_2015;1400;1432;81;151;54.2747652;10.1101233
de-sh;Kiel;Bevoelkerung;Moorsee;31_12_2015;774;985;82;106;54.264576;10.150361
de-sh;Kiel;Bevoelkerung;Wellsee;31_12_2015;2287;2243;216;408;54.2907296;10.1622402
de-sh;Kiel;Bevoelkerung;Roenne;31_12_2015;144;221;29;34;;
