Land;Stadt;Kategorie;Merkmal;Datum;Stadtteilnummer;Stadtteil;insgesamt;maennlich;weiblich;lat;lon
de-sh;Kiel;Bevoelkerung;Einwohner insgesamt;2023_12_31;1;Altstadt;1220;638;582;;
de-sh;Kiel;Bevoelkerung;Einwohner insgesamt;2023_12_31;2;Vorstadt;1648;829;819;;
de-sh;Kiel;Bevoelkerung;Einwohner insgesamt;2023_12_31;3;Exerzierplatz;6299;3000;3299;;
de-sh;Kiel;Bevoelkerung;Einwohner insgesamt;2023_12_31;4;Damperhof;3436;1663;1773;;
de-sh;Kiel;Bevoelkerung;Einwohner insgesamt;2023_12_31;5;Brunswik;6473;2980;3493;;
de-sh;Kiel;Bevoelkerung;Einwohner insgesamt;2023_12_31;6;Duesternbrook;3108;1484;1624;;
de-sh;Kiel;Bevoelkerung;Einwohner insgesamt;2023_12_31;7;Bluecherplatz;11234;5148;6086;;
de-sh;Kiel;Bevoelkerung;Einwohner insgesamt;2023_12_31;8;Wik;20145;9605;10540;;
de-sh;Kiel;Bevoelkerung;Einwohner insgesamt;2023_12_31;9;Ravensberg;12283;5798;6485;;
de-sh;Kiel;Bevoelkerung;Einwohner insgesamt;2023_12_31;10;Schreventeich;11692;5554;6138;;
de-sh;Kiel;Bevoelkerung;Einwohner insgesamt;2023_12_31;11;Suedfriedhof;15404;7677;7727;;
de-sh;Kiel;Bevoelkerung;Einwohner insgesamt;2023_12_31;12;Gaarden-Ost;19229;10380;8849;;
de-sh;Kiel;Bevoelkerung;Einwohner insgesamt;2023_12_31;13;Gaarden-Sued/Kronsburg;10843;5441;5402;;
de-sh;Kiel;Bevoelkerung;Einwohner insgesamt;2023_12_31;14;Hassee;12876;6511;6365;;
de-sh;Kiel;Bevoelkerung;Einwohner insgesamt;2023_12_31;15;Hasseldieksdamm;2746;1337;1409;;
de-sh;Kiel;Bevoelkerung;Einwohner insgesamt;2023_12_31;16;Ellerbek;6180;3143;3037;;
de-sh;Kiel;Bevoelkerung;Einwohner insgesamt;2023_12_31;17;Wellingdorf;8051;3878;4173;;
de-sh;Kiel;Bevoelkerung;Einwohner insgesamt;2023_12_31;18;Holtenau;6206;3179;3027;;
de-sh;Kiel;Bevoelkerung;Einwohner insgesamt;2023_12_31;19;Pries;7350;3590;3760;;
de-sh;Kiel;Bevoelkerung;Einwohner insgesamt;2023_12_31;20;Friedrichsort;2103;1023;1080;;
de-sh;Kiel;Bevoelkerung;Einwohner insgesamt;2023_12_31;21;Neumuehlen/Dietrichsdorf;12845;6499;6346;;
de-sh;Kiel;Bevoelkerung;Einwohner insgesamt;2023_12_31;22;Elmschenhagen;17164;8361;8803;;
de-sh;Kiel;Bevoelkerung;Einwohner insgesamt;2023_12_31;23;Suchsdorf;9115;4365;4750;;
de-sh;Kiel;Bevoelkerung;Einwohner insgesamt;2023_12_31;24;Schilksee;4857;2249;2608;;
de-sh;Kiel;Bevoelkerung;Einwohner insgesamt;2023_12_31;25;Mettenhof;19940;9681;10259;;
de-sh;Kiel;Bevoelkerung;Einwohner insgesamt;2023_12_31;26;Russee;6933;3354;3579;;
de-sh;Kiel;Bevoelkerung;Einwohner insgesamt;2023_12_31;27;Meimersdorf;3219;1594;1625;;
de-sh;Kiel;Bevoelkerung;Einwohner insgesamt;2023_12_31;28;Moorsee;2190;1111;1079;;
de-sh;Kiel;Bevoelkerung;Einwohner insgesamt;2023_12_31;29;Wellsee;5219;2571;2648;;
de-sh;Kiel;Bevoelkerung;Einwohner insgesamt;2023_12_31;30;Roenne;404;193;211;;
de-sh;Kiel;Bevoelkerung;Einwohner insgesamt;2022_12_31;1;Altstadt;1213;621;592;;
de-sh;Kiel;Bevoelkerung;Einwohner insgesamt;2022_12_31;2;Vorstadt;1457;733;724;;
de-sh;Kiel;Bevoelkerung;Einwohner insgesamt;2022_12_31;3;Exerzierplatz;6296;3006;3290;;
de-sh;Kiel;Bevoelkerung;Einwohner insgesamt;2022_12_31;4;Damperhof;3414;1644;1770;;
de-sh;Kiel;Bevoelkerung;Einwohner insgesamt;2022_12_31;5;Brunswik;6390;2927;3463;;
de-sh;Kiel;Bevoelkerung;Einwohner insgesamt;2022_12_31;6;Duesternbrook;3205;1544;1661;;
de-sh;Kiel;Bevoelkerung;Einwohner insgesamt;2022_12_31;7;Bluecherplatz;11255;5165;6090;;
de-sh;Kiel;Bevoelkerung;Einwohner insgesamt;2022_12_31;8;Wik;20026;9618;10408;;
de-sh;Kiel;Bevoelkerung;Einwohner insgesamt;2022_12_31;9;Ravensberg;12155;5696;6459;;
de-sh;Kiel;Bevoelkerung;Einwohner insgesamt;2022_12_31;10;Schreventeich;11602;5558;6044;;
de-sh;Kiel;Bevoelkerung;Einwohner insgesamt;2022_12_31;11;Suedfriedhof;15154;7556;7598;;
de-sh;Kiel;Bevoelkerung;Einwohner insgesamt;2022_12_31;12;Gaarden-Ost;18782;10234;8548;;
de-sh;Kiel;Bevoelkerung;Einwohner insgesamt;2022_12_31;13;Gaarden-Sued/Kronsburg;10770;5438;5332;;
de-sh;Kiel;Bevoelkerung;Einwohner insgesamt;2022_12_31;14;Hassee;12595;6343;6252;;
de-sh;Kiel;Bevoelkerung;Einwohner insgesamt;2022_12_31;15;Hasseldieksdamm;2759;1345;1414;;
de-sh;Kiel;Bevoelkerung;Einwohner insgesamt;2022_12_31;16;Ellerbek;6207;3148;3059;;
de-sh;Kiel;Bevoelkerung;Einwohner insgesamt;2022_12_31;17;Wellingdorf;8053;3891;4162;;
de-sh;Kiel;Bevoelkerung;Einwohner insgesamt;2022_12_31;18;Holtenau;6094;3045;3049;;
de-sh;Kiel;Bevoelkerung;Einwohner insgesamt;2022_12_31;19;Pries;7306;3575;3731;;
de-sh;Kiel;Bevoelkerung;Einwohner insgesamt;2022_12_31;20;Friedrichsort;2043;989;1054;;
de-sh;Kiel;Bevoelkerung;Einwohner insgesamt;2022_12_31;21;Neumuehlen/Dietrichsdorf;12709;6381;6328;;
de-sh;Kiel;Bevoelkerung;Einwohner insgesamt;2022_12_31;22;Elmschenhagen;17205;8386;8819;;
de-sh;Kiel;Bevoelkerung;Einwohner insgesamt;2022_12_31;23;Suchsdorf;9094;4351;4743;;
de-sh;Kiel;Bevoelkerung;Einwohner insgesamt;2022_12_31;24;Schilksee;4880;2262;2618;;
de-sh;Kiel;Bevoelkerung;Einwohner insgesamt;2022_12_31;25;Mettenhof;20092;9776;10316;;
de-sh;Kiel;Bevoelkerung;Einwohner insgesamt;2022_12_31;26;Russee;6934;3358;3576;;
de-sh;Kiel;Bevoelkerung;Einwohner insgesamt;2022_12_31;27;Meimersdorf;3279;1638;1641;;
de-sh;Kiel;Bevoelkerung;Einwohner insgesamt;2022_12_31;28;Moorsee;2141;1070;1071;;
de-sh;Kiel;Bevoelkerung;Einwohner insgesamt;2022_12_31;29;Wellsee;5277;2614;2663;;
de-sh;Kiel;Bevoelkerung;Einwohner insgesamt;2022_12_31;30;Roenne;416;198;218;;
de-sh;Kiel;Bevoelkerung;Einwohner insgesamt;2021_12_31;1;Altstadt;1153;581;572;;
de-sh;Kiel;Bevoelkerung;Einwohner insgesamt;2021_12_31;2;Vorstadt;1275;631;644;;
de-sh;Kiel;Bevoelkerung;Einwohner insgesamt;2021_12_31;3;Exerzierplatz;6343;3045;3298;;
de-sh;Kiel;Bevoelkerung;Einwohner insgesamt;2021_12_31;4;Damperhof;3396;1652;1744;;
de-sh;Kiel;Bevoelkerung;Einwohner insgesamt;2021_12_31;5;Brunswik;6270;2864;3406;;
de-sh;Kiel;Bevoelkerung;Einwohner insgesamt;2021_12_31;6;Duesternbrook;3135;1515;1620;;
de-sh;Kiel;Bevoelkerung;Einwohner insgesamt;2021_12_31;7;Bluecherplatz;11312;5191;6121;;
de-sh;Kiel;Bevoelkerung;Einwohner insgesamt;2021_12_31;8;Wik;19487;9382;10105;;
de-sh;Kiel;Bevoelkerung;Einwohner insgesamt;2021_12_31;9;Ravensberg;12201;5687;6514;;
de-sh;Kiel;Bevoelkerung;Einwohner insgesamt;2021_12_31;10;Schreventeich;11714;5620;6094;;
de-sh;Kiel;Bevoelkerung;Einwohner insgesamt;2021_12_31;11;Suedfriedhof;15129;7554;7575;;
de-sh;Kiel;Bevoelkerung;Einwohner insgesamt;2021_12_31;12;Gaarden-Ost;18728;10254;8474;;
de-sh;Kiel;Bevoelkerung;Einwohner insgesamt;2021_12_31;13;Gaarden-Sued/Kronsburg;10680;5423;5257;;
de-sh;Kiel;Bevoelkerung;Einwohner insgesamt;2021_12_31;14;Hassee;12471;6349;6122;;
de-sh;Kiel;Bevoelkerung;Einwohner insgesamt;2021_12_31;15;Hasseldieksdamm;2805;1381;1424;;
de-sh;Kiel;Bevoelkerung;Einwohner insgesamt;2021_12_31;16;Ellerbek;6216;3157;3059;;
de-sh;Kiel;Bevoelkerung;Einwohner insgesamt;2021_12_31;17;Wellingdorf;8067;3907;4160;;
de-sh;Kiel;Bevoelkerung;Einwohner insgesamt;2021_12_31;18;Holtenau;5785;2940;2845;;
de-sh;Kiel;Bevoelkerung;Einwohner insgesamt;2021_12_31;19;Pries;7273;3554;3719;;
de-sh;Kiel;Bevoelkerung;Einwohner insgesamt;2021_12_31;20;Friedrichsort;2041;977;1064;;
de-sh;Kiel;Bevoelkerung;Einwohner insgesamt;2021_12_31;21;Neumuehlen/Dietrichsdorf;12610;6353;6257;;
de-sh;Kiel;Bevoelkerung;Einwohner insgesamt;2021_12_31;22;Elmschenhagen;17125;8364;8761;;
de-sh;Kiel;Bevoelkerung;Einwohner insgesamt;2021_12_31;23;Suchsdorf;9241;4457;4784;;
de-sh;Kiel;Bevoelkerung;Einwohner insgesamt;2021_12_31;24;Schilksee;4925;2301;2624;;
de-sh;Kiel;Bevoelkerung;Einwohner insgesamt;2021_12_31;25;Mettenhof;20056;9820;10236;;
de-sh;Kiel;Bevoelkerung;Einwohner insgesamt;2021_12_31;26;Russee;6988;3377;3611;;
de-sh;Kiel;Bevoelkerung;Einwohner insgesamt;2021_12_31;27;Meimersdorf;3264;1625;1639;;
de-sh;Kiel;Bevoelkerung;Einwohner insgesamt;2021_12_31;28;Moorsee;2168;1093;1075;;
de-sh;Kiel;Bevoelkerung;Einwohner insgesamt;2021_12_31;29;Wellsee;5282;2629;2653;;
de-sh;Kiel;Bevoelkerung;Einwohner insgesamt;2021_12_31;30;Roenne;406;198;208;;
de-sh;Kiel;Bevoelkerung;Einwohner insgesamt;2020_12_31;1;Altstadt;1175;591;584;;
de-sh;Kiel;Bevoelkerung;Einwohner insgesamt;2020_12_31;2;Vorstadt;1276;630;646;;
de-sh;Kiel;Bevoelkerung;Einwohner insgesamt;2020_12_31;3;Exerzierplatz;6413;3099;3314;;
de-sh;Kiel;Bevoelkerung;Einwohner insgesamt;2020_12_31;4;Damperhof;3335;1628;1707;;
de-sh;Kiel;Bevoelkerung;Einwohner insgesamt;2020_12_31;5;Brunswik;6237;2859;3378;;
de-sh;Kiel;Bevoelkerung;Einwohner insgesamt;2020_12_31;6;Duesternbrook;3196;1547;1649;;
de-sh;Kiel;Bevoelkerung;Einwohner insgesamt;2020_12_31;7;Bluecherplatz;11230;5167;6063;;
de-sh;Kiel;Bevoelkerung;Einwohner insgesamt;2020_12_31;8;Wik;19565;9470;10095;;
de-sh;Kiel;Bevoelkerung;Einwohner insgesamt;2020_12_31;9;Ravensberg;12245;5732;6513;;
de-sh;Kiel;Bevoelkerung;Einwohner insgesamt;2020_12_31;10;Schreventeich;11844;5677;6167;;
de-sh;Kiel;Bevoelkerung;Einwohner insgesamt;2020_12_31;11;Suedfriedhof;15310;7646;7664;;
de-sh;Kiel;Bevoelkerung;Einwohner insgesamt;2020_12_31;12;Gaarden-Ost;18677;10196;8481;;
de-sh;Kiel;Bevoelkerung;Einwohner insgesamt;2020_12_31;13;Gaarden-Sued/Kronsburg;10646;5385;5261;;
de-sh;Kiel;Bevoelkerung;Einwohner insgesamt;2020_12_31;14;Hassee;12414;6318;6096;;
de-sh;Kiel;Bevoelkerung;Einwohner insgesamt;2020_12_31;15;Hasseldieksdamm;2836;1389;1447;;
de-sh;Kiel;Bevoelkerung;Einwohner insgesamt;2020_12_31;16;Ellerbek;6319;3205;3114;;
de-sh;Kiel;Bevoelkerung;Einwohner insgesamt;2020_12_31;17;Wellingdorf;8024;3868;4156;;
de-sh;Kiel;Bevoelkerung;Einwohner insgesamt;2020_12_31;18;Holtenau;5715;2930;2785;;
de-sh;Kiel;Bevoelkerung;Einwohner insgesamt;2020_12_31;19;Pries;7267;3555;3712;;
de-sh;Kiel;Bevoelkerung;Einwohner insgesamt;2020_12_31;20;Friedrichsort;2076;985;1091;;
de-sh;Kiel;Bevoelkerung;Einwohner insgesamt;2020_12_31;21;Neumuehlen/Dietrichsdorf;12562;6277;6285;;
de-sh;Kiel;Bevoelkerung;Einwohner insgesamt;2020_12_31;22;Elmschenhagen;17193;8410;8783;;
de-sh;Kiel;Bevoelkerung;Einwohner insgesamt;2020_12_31;23;Suchsdorf;9262;4479;4783;;
de-sh;Kiel;Bevoelkerung;Einwohner insgesamt;2020_12_31;24;Schilksee;4926;2296;2630;;
de-sh;Kiel;Bevoelkerung;Einwohner insgesamt;2020_12_31;25;Mettenhof;19919;9739;10180;;
de-sh;Kiel;Bevoelkerung;Einwohner insgesamt;2020_12_31;26;Russee;7012;3358;3654;;
de-sh;Kiel;Bevoelkerung;Einwohner insgesamt;2020_12_31;27;Meimersdorf;3292;1644;1648;;
de-sh;Kiel;Bevoelkerung;Einwohner insgesamt;2020_12_31;28;Moorsee;2109;1074;1035;;
de-sh;Kiel;Bevoelkerung;Einwohner insgesamt;2020_12_31;29;Wellsee;5365;2653;2712;;
de-sh;Kiel;Bevoelkerung;Einwohner insgesamt;2020_12_31;30;Roenne;423;209;214;;
de-sh;Kiel;Bevoelkerung;Einwohner insgesamt;2019_12_31;1;Altstadt;1139;572;567;;
de-sh;Kiel;Bevoelkerung;Einwohner insgesamt;2019_12_31;2;Vorstadt;1284;642;642;;
de-sh;Kiel;Bevoelkerung;Einwohner insgesamt;2019_12_31;3;Exerzierplatz;6409;3086;3323;;
de-sh;Kiel;Bevoelkerung;Einwohner insgesamt;2019_12_31;4;Damperhof;3339;1633;1706;;
de-sh;Kiel;Bevoelkerung;Einwohner insgesamt;2019_12_31;5;Brunswik;6225;2863;3362;;
de-sh;Kiel;Bevoelkerung;Einwohner insgesamt;2019_12_31;6;Duesternbrook;3187;1567;1620;;
de-sh;Kiel;Bevoelkerung;Einwohner insgesamt;2019_12_31;7;Bluecherplatz;11178;5167;6011;;
de-sh;Kiel;Bevoelkerung;Einwohner insgesamt;2019_12_31;8;Wik;19561;9461;10100;;
de-sh;Kiel;Bevoelkerung;Einwohner insgesamt;2019_12_31;9;Ravensberg;12160;5729;6431;;
de-sh;Kiel;Bevoelkerung;Einwohner insgesamt;2019_12_31;10;Schreventeich;11869;5684;6185;;
de-sh;Kiel;Bevoelkerung;Einwohner insgesamt;2019_12_31;11;Suedfriedhof;15212;7473;7739;;
de-sh;Kiel;Bevoelkerung;Einwohner insgesamt;2019_12_31;12;Gaarden-Ost;18558;10159;8399;;
de-sh;Kiel;Bevoelkerung;Einwohner insgesamt;2019_12_31;13;Gaarden-Sued/Kronsburg;10635;5347;5288;;
de-sh;Kiel;Bevoelkerung;Einwohner insgesamt;2019_12_31;14;Hassee;12477;6412;6065;;
de-sh;Kiel;Bevoelkerung;Einwohner insgesamt;2019_12_31;15;Hasseldieksdamm;2801;1375;1426;;
de-sh;Kiel;Bevoelkerung;Einwohner insgesamt;2019_12_31;16;Ellerbek;6322;3213;3109;;
de-sh;Kiel;Bevoelkerung;Einwohner insgesamt;2019_12_31;17;Wellingdorf;8049;3878;4171;;
de-sh;Kiel;Bevoelkerung;Einwohner insgesamt;2019_12_31;18;Holtenau;5627;2890;2737;;
de-sh;Kiel;Bevoelkerung;Einwohner insgesamt;2019_12_31;19;Pries;7307;3572;3735;;
de-sh;Kiel;Bevoelkerung;Einwohner insgesamt;2019_12_31;20;Friedrichsort;2069;978;1091;;
de-sh;Kiel;Bevoelkerung;Einwohner insgesamt;2019_12_31;21;Neumuehlen/Dietrichsdorf;12742;6380;6362;;
de-sh;Kiel;Bevoelkerung;Einwohner insgesamt;2019_12_31;22;Elmschenhagen;17264;8442;8822;;
de-sh;Kiel;Bevoelkerung;Einwohner insgesamt;2019_12_31;23;Suchsdorf;9314;4502;4812;;
de-sh;Kiel;Bevoelkerung;Einwohner insgesamt;2019_12_31;24;Schilksee;4905;2313;2592;;
de-sh;Kiel;Bevoelkerung;Einwohner insgesamt;2019_12_31;25;Mettenhof;19897;9702;10195;;
de-sh;Kiel;Bevoelkerung;Einwohner insgesamt;2019_12_31;26;Russee;7054;3369;3685;;
de-sh;Kiel;Bevoelkerung;Einwohner insgesamt;2019_12_31;27;Meimersdorf;3313;1665;1648;;
de-sh;Kiel;Bevoelkerung;Einwohner insgesamt;2019_12_31;28;Moorsee;2094;1054;1040;;
de-sh;Kiel;Bevoelkerung;Einwohner insgesamt;2019_12_31;29;Wellsee;5350;2645;2705;;
de-sh;Kiel;Bevoelkerung;Einwohner insgesamt;2019_12_31;30;Roenne;436;211;225;;
de-sh;Kiel;Bevoelkerung;Einwohner insgesamt;2018_12_31;1;Altstadt;1006;496;510;;
de-sh;Kiel;Bevoelkerung;Einwohner insgesamt;2018_12_31;2;Vorstadt;1313;665;648;;
de-sh;Kiel;Bevoelkerung;Einwohner insgesamt;2018_12_31;3;Exerzierplatz;6507;3133;3374;;
de-sh;Kiel;Bevoelkerung;Einwohner insgesamt;2018_12_31;4;Damperhof;3377;1646;1731;;
de-sh;Kiel;Bevoelkerung;Einwohner insgesamt;2018_12_31;5;Brunswik;6318;2916;3402;;
de-sh;Kiel;Bevoelkerung;Einwohner insgesamt;2018_12_31;6;Duesternbrook;3158;1553;1605;;
de-sh;Kiel;Bevoelkerung;Einwohner insgesamt;2018_12_31;7;Bluecherplatz;11217;5186;6031;;
de-sh;Kiel;Bevoelkerung;Einwohner insgesamt;2018_12_31;8;Wik;19695;9554;10141;;
de-sh;Kiel;Bevoelkerung;Einwohner insgesamt;2018_12_31;9;Ravensberg;12182;5723;6459;;
de-sh;Kiel;Bevoelkerung;Einwohner insgesamt;2018_12_31;10;Schreventeich;11978;5783;6195;;
de-sh;Kiel;Bevoelkerung;Einwohner insgesamt;2018_12_31;11;Suedfriedhof;15387;7568;7819;;
de-sh;Kiel;Bevoelkerung;Einwohner insgesamt;2018_12_31;12;Gaarden-Ost;18633;10194;8439;;
de-sh;Kiel;Bevoelkerung;Einwohner insgesamt;2018_12_31;13;Gaarden-Sued/Kronsburg;10699;5397;5302;;
de-sh;Kiel;Bevoelkerung;Einwohner insgesamt;2018_12_31;14;Hassee;12340;6293;6047;;
de-sh;Kiel;Bevoelkerung;Einwohner insgesamt;2018_12_31;15;Hasseldieksdamm;2827;1377;1450;;
de-sh;Kiel;Bevoelkerung;Einwohner insgesamt;2018_12_31;16;Ellerbek;6363;3238;3125;;
de-sh;Kiel;Bevoelkerung;Einwohner insgesamt;2018_12_31;17;Wellingdorf;8026;3886;4140;;
de-sh;Kiel;Bevoelkerung;Einwohner insgesamt;2018_12_31;18;Holtenau;5763;2965;2798;;
de-sh;Kiel;Bevoelkerung;Einwohner insgesamt;2018_12_31;19;Pries;7422;3616;3806;;
de-sh;Kiel;Bevoelkerung;Einwohner insgesamt;2018_12_31;20;Friedrichsort;2083;989;1094;;
de-sh;Kiel;Bevoelkerung;Einwohner insgesamt;2018_12_31;21;Neumuehlen/Dietrichsdorf;12677;6328;6349;;
de-sh;Kiel;Bevoelkerung;Einwohner insgesamt;2018_12_31;22;Elmschenhagen;17284;8444;8840;;
de-sh;Kiel;Bevoelkerung;Einwohner insgesamt;2018_12_31;23;Suchsdorf;9339;4504;4835;;
de-sh;Kiel;Bevoelkerung;Einwohner insgesamt;2018_12_31;24;Schilksee;4973;2350;2623;;
de-sh;Kiel;Bevoelkerung;Einwohner insgesamt;2018_12_31;25;Mettenhof;20008;9728;10280;;
de-sh;Kiel;Bevoelkerung;Einwohner insgesamt;2018_12_31;26;Russee;7066;3394;3672;;
de-sh;Kiel;Bevoelkerung;Einwohner insgesamt;2018_12_31;27;Meimersdorf;3326;1669;1657;;
de-sh;Kiel;Bevoelkerung;Einwohner insgesamt;2018_12_31;28;Moorsee;2098;1056;1042;;
de-sh;Kiel;Bevoelkerung;Einwohner insgesamt;2018_12_31;29;Wellsee;5302;2614;2688;;
de-sh;Kiel;Bevoelkerung;Einwohner insgesamt;2018_12_31;30;Roenne;425;212;213;;
de-sh;Kiel;Bevoelkerung;Einwohner insgesamt;2017_12_31;1;Altstadt;835;409;426;;
de-sh;Kiel;Bevoelkerung;Einwohner insgesamt;2017_12_31;2;Vorstadt;1318;671;647;;
de-sh;Kiel;Bevoelkerung;Einwohner insgesamt;2017_12_31;3;Exerzierplatz;6511;3112;3399;;
de-sh;Kiel;Bevoelkerung;Einwohner insgesamt;2017_12_31;4;Damperhof;3325;1585;1740;;
de-sh;Kiel;Bevoelkerung;Einwohner insgesamt;2017_12_31;5;Brunswik;6345;2905;3440;;
de-sh;Kiel;Bevoelkerung;Einwohner insgesamt;2017_12_31;6;Duesternbrook;3239;1600;1639;;
de-sh;Kiel;Bevoelkerung;Einwohner insgesamt;2017_12_31;7;Bluecherplatz;11221;5182;6039;;
de-sh;Kiel;Bevoelkerung;Einwohner insgesamt;2017_12_31;8;Wik;19656;9549;10107;;
de-sh;Kiel;Bevoelkerung;Einwohner insgesamt;2017_12_31;9;Ravensberg;12423;5838;6585;;
de-sh;Kiel;Bevoelkerung;Einwohner insgesamt;2017_12_31;10;Schreventeich;11888;5720;6168;;
de-sh;Kiel;Bevoelkerung;Einwohner insgesamt;2017_12_31;11;Suedfriedhof;15336;7529;7807;;
de-sh;Kiel;Bevoelkerung;Einwohner insgesamt;2017_12_31;12;Gaarden-Ost;18878;10398;8480;;
de-sh;Kiel;Bevoelkerung;Einwohner insgesamt;2017_12_31;13;Gaarden-Sued/Kronsburg;10764;5457;5307;;
de-sh;Kiel;Bevoelkerung;Einwohner insgesamt;2017_12_31;14;Hassee;12347;6276;6071;;
de-sh;Kiel;Bevoelkerung;Einwohner insgesamt;2017_12_31;15;Hasseldieksdamm;2852;1378;1474;;
de-sh;Kiel;Bevoelkerung;Einwohner insgesamt;2017_12_31;16;Ellerbek;6321;3204;3117;;
de-sh;Kiel;Bevoelkerung;Einwohner insgesamt;2017_12_31;17;Wellingdorf;8032;3918;4114;;
de-sh;Kiel;Bevoelkerung;Einwohner insgesamt;2017_12_31;18;Holtenau;5702;2916;2786;;
de-sh;Kiel;Bevoelkerung;Einwohner insgesamt;2017_12_31;19;Pries;7421;3614;3807;;
de-sh;Kiel;Bevoelkerung;Einwohner insgesamt;2017_12_31;20;Friedrichsort;2092;1008;1084;;
de-sh;Kiel;Bevoelkerung;Einwohner insgesamt;2017_12_31;21;Neumuehlen/Dietrichsdorf;12731;6341;6390;;
de-sh;Kiel;Bevoelkerung;Einwohner insgesamt;2017_12_31;22;Elmschenhagen;17220;8421;8799;;
de-sh;Kiel;Bevoelkerung;Einwohner insgesamt;2017_12_31;23;Suchsdorf;9396;4529;4867;;
de-sh;Kiel;Bevoelkerung;Einwohner insgesamt;2017_12_31;24;Schilksee;5027;2372;2655;;
de-sh;Kiel;Bevoelkerung;Einwohner insgesamt;2017_12_31;25;Mettenhof;20031;9778;10253;;
de-sh;Kiel;Bevoelkerung;Einwohner insgesamt;2017_12_31;26;Russee;7076;3416;3660;;
de-sh;Kiel;Bevoelkerung;Einwohner insgesamt;2017_12_31;27;Meimersdorf;3359;1684;1675;;
de-sh;Kiel;Bevoelkerung;Einwohner insgesamt;2017_12_31;28;Moorsee;2094;1068;1026;;
de-sh;Kiel;Bevoelkerung;Einwohner insgesamt;2017_12_31;29;Wellsee;5325;2607;2718;;
de-sh;Kiel;Bevoelkerung;Einwohner insgesamt;2017_12_31;30;Roenne;425;204;221;;
de-sh;Kiel;Bevoelkerung;Einwohner insgesamt;2016_12_31;1;Altstadt;835;409;426;;
de-sh;Kiel;Bevoelkerung;Einwohner insgesamt;2016_12_31;2;Vorstadt;11221;5182;6039;;
de-sh;Kiel;Bevoelkerung;Einwohner insgesamt;2016_12_31;3;Exerzierplatz;6345;2905;3440;;
de-sh;Kiel;Bevoelkerung;Einwohner insgesamt;2016_12_31;4;Damperhof;3325;1585;1740;;
de-sh;Kiel;Bevoelkerung;Einwohner insgesamt;2016_12_31;5;Brunswik;3239;1600;1639;;
de-sh;Kiel;Bevoelkerung;Einwohner insgesamt;2016_12_31;6;Duesternbrook;6321;3204;3117;;
de-sh;Kiel;Bevoelkerung;Einwohner insgesamt;2016_12_31;7;Bluecherplatz;17220;8421;8799;;
de-sh;Kiel;Bevoelkerung;Einwohner insgesamt;2016_12_31;8;Wik;6511;3112;3399;;
de-sh;Kiel;Bevoelkerung;Einwohner insgesamt;2016_12_31;9;Ravensberg;2092;1008;1084;;
de-sh;Kiel;Bevoelkerung;Einwohner insgesamt;2016_12_31;10;Schreventeich;18878;10398;8480;;
de-sh;Kiel;Bevoelkerung;Einwohner insgesamt;2016_12_31;11;Suedfriedhof;10764;5457;5307;;
de-sh;Kiel;Bevoelkerung;Einwohner insgesamt;2016_12_31;12;Gaarden-Ost;12347;6276;6071;;
de-sh;Kiel;Bevoelkerung;Einwohner insgesamt;2016_12_31;13;Gaarden-Sued/Kronsburg;2852;1378;1474;;
de-sh;Kiel;Bevoelkerung;Einwohner insgesamt;2016_12_31;14;Hassee;5702;2916;2786;;
de-sh;Kiel;Bevoelkerung;Einwohner insgesamt;2016_12_31;15;Hasseldieksdamm;3359;1684;1675;;
de-sh;Kiel;Bevoelkerung;Einwohner insgesamt;2016_12_31;16;Ellerbek;20031;9778;10253;;
de-sh;Kiel;Bevoelkerung;Einwohner insgesamt;2016_12_31;17;Wellingdorf;2094;1068;1026;;
de-sh;Kiel;Bevoelkerung;Einwohner insgesamt;2016_12_31;18;Holtenau;12731;6341;6390;;
de-sh;Kiel;Bevoelkerung;Einwohner insgesamt;2016_12_31;19;Pries;7421;3614;3807;;
de-sh;Kiel;Bevoelkerung;Einwohner insgesamt;2016_12_31;20;Friedrichsort;12423;5838;6585;;
de-sh;Kiel;Bevoelkerung;Einwohner insgesamt;2016_12_31;21;Neumuehlen/Dietrichsdorf;425;204;221;;
de-sh;Kiel;Bevoelkerung;Einwohner insgesamt;2016_12_31;22;Elmschenhagen;7076;3416;3660;;
de-sh;Kiel;Bevoelkerung;Einwohner insgesamt;2016_12_31;23;Suchsdorf;5027;2372;2655;;
de-sh;Kiel;Bevoelkerung;Einwohner insgesamt;2016_12_31;24;Schilksee;11888;5720;6168;;
de-sh;Kiel;Bevoelkerung;Einwohner insgesamt;2016_12_31;25;Mettenhof;9396;4529;4867;;
de-sh;Kiel;Bevoelkerung;Einwohner insgesamt;2016_12_31;26;Russee;15336;7529;7807;;
de-sh;Kiel;Bevoelkerung;Einwohner insgesamt;2016_12_31;27;Meimersdorf;1318;671;647;;
de-sh;Kiel;Bevoelkerung;Einwohner insgesamt;2016_12_31;28;Moorsee;8032;3918;4114;;
de-sh;Kiel;Bevoelkerung;Einwohner insgesamt;2016_12_31;29;Wellsee;5325;2607;2718;;
de-sh;Kiel;Bevoelkerung;Einwohner insgesamt;2016_12_31;30;Roenne;19656;9549;10107;;
de-sh;Kiel;Bevoelkerung;Einwohner insgesamt;2016_12_31;1;Altstadt;757;372;385;;
de-sh;Kiel;Bevoelkerung;Einwohner insgesamt;2016_12_31;2;Vorstadt;1275;640;635;;
de-sh;Kiel;Bevoelkerung;Einwohner insgesamt;2016_12_31;3;Exerzierplatz;6480;3103;3377;;
de-sh;Kiel;Bevoelkerung;Einwohner insgesamt;2016_12_31;4;Damperhof;3349;1601;1748;;
de-sh;Kiel;Bevoelkerung;Einwohner insgesamt;2016_12_31;5;Brunswik;6420;2954;3466;;
de-sh;Kiel;Bevoelkerung;Einwohner insgesamt;2016_12_31;6;Duesternbrook;3203;1563;1640;;
de-sh;Kiel;Bevoelkerung;Einwohner insgesamt;2016_12_31;7;Bluecherplatz;11225;5161;6064;;
de-sh;Kiel;Bevoelkerung;Einwohner insgesamt;2016_12_31;8;Wik;19737;9574;10163;;
de-sh;Kiel;Bevoelkerung;Einwohner insgesamt;2016_12_31;9;Ravensberg;12386;5836;6550;;
de-sh;Kiel;Bevoelkerung;Einwohner insgesamt;2016_12_31;10;Schreventeich;11907;5767;6140;;
de-sh;Kiel;Bevoelkerung;Einwohner insgesamt;2016_12_31;11;Suedfriedhof;15282;7483;7799;;
de-sh;Kiel;Bevoelkerung;Einwohner insgesamt;2016_12_31;12;Gaarden-Ost;18906;10536;8370;;
de-sh;Kiel;Bevoelkerung;Einwohner insgesamt;2016_12_31;13;Gaarden-Sued/Kronsburg;10687;5405;5282;;
de-sh;Kiel;Bevoelkerung;Einwohner insgesamt;2016_12_31;14;Hassee;12306;6219;6087;;
de-sh;Kiel;Bevoelkerung;Einwohner insgesamt;2016_12_31;15;Hasseldieksdamm;2853;1369;1484;;
de-sh;Kiel;Bevoelkerung;Einwohner insgesamt;2016_12_31;16;Ellerbek;6226;3119;3107;;
de-sh;Kiel;Bevoelkerung;Einwohner insgesamt;2016_12_31;17;Wellingdorf;8083;3909;4174;;
de-sh;Kiel;Bevoelkerung;Einwohner insgesamt;2016_12_31;18;Holtenau;5887;3018;2869;;
de-sh;Kiel;Bevoelkerung;Einwohner insgesamt;2016_12_31;19;Pries;7493;3652;3841;;
de-sh;Kiel;Bevoelkerung;Einwohner insgesamt;2016_12_31;20;Friedrichsort;2096;1017;1079;;
de-sh;Kiel;Bevoelkerung;Einwohner insgesamt;2016_12_31;21;Neumuehlen/Dietrichsdorf;12631;6243;6388;;
de-sh;Kiel;Bevoelkerung;Einwohner insgesamt;2016_12_31;22;Elmschenhagen;17196;8406;8790;;
de-sh;Kiel;Bevoelkerung;Einwohner insgesamt;2016_12_31;23;Suchsdorf;9414;4565;4849;;
de-sh;Kiel;Bevoelkerung;Einwohner insgesamt;2016_12_31;24;Schilksee;5097;2412;2685;;
de-sh;Kiel;Bevoelkerung;Einwohner insgesamt;2016_12_31;25;Mettenhof;19959;9705;10254;;
de-sh;Kiel;Bevoelkerung;Einwohner insgesamt;2016_12_31;26;Russee;7113;3423;3690;;
de-sh;Kiel;Bevoelkerung;Einwohner insgesamt;2016_12_31;27;Meimersdorf;3282;1653;1629;;
de-sh;Kiel;Bevoelkerung;Einwohner insgesamt;2016_12_31;28;Moorsee;2079;1053;1026;;
de-sh;Kiel;Bevoelkerung;Einwohner insgesamt;2016_12_31;29;Wellsee;5264;2573;2691;;
de-sh;Kiel;Bevoelkerung;Einwohner insgesamt;2016_12_31;30;Roenne;430;203;227;;
de-sh;Kiel;Bevoelkerung;Einwohner insgesamt;2015_12_31;1;Altstadt;665;312;353;;
de-sh;Kiel;Bevoelkerung;Einwohner insgesamt;2015_12_31;2;Vorstadt;1305;692;613;;
de-sh;Kiel;Bevoelkerung;Einwohner insgesamt;2015_12_31;3;Exerzierplatz;6397;3041;3356;;
de-sh;Kiel;Bevoelkerung;Einwohner insgesamt;2015_12_31;4;Damperhof;3329;1567;1762;;
de-sh;Kiel;Bevoelkerung;Einwohner insgesamt;2015_12_31;5;Brunswik;6488;2973;3515;;
de-sh;Kiel;Bevoelkerung;Einwohner insgesamt;2015_12_31;6;Duesternbrook;3192;1564;1628;;
de-sh;Kiel;Bevoelkerung;Einwohner insgesamt;2015_12_31;7;Bluecherplatz;11245;5133;6112;;
de-sh;Kiel;Bevoelkerung;Einwohner insgesamt;2015_12_31;8;Wik;19317;9381;9936;;
de-sh;Kiel;Bevoelkerung;Einwohner insgesamt;2015_12_31;9;Ravensberg;12246;5713;6533;;
de-sh;Kiel;Bevoelkerung;Einwohner insgesamt;2015_12_31;10;Schreventeich;11898;5778;6120;;
de-sh;Kiel;Bevoelkerung;Einwohner insgesamt;2015_12_31;11;Suedfriedhof;15102;7353;7749;;
de-sh;Kiel;Bevoelkerung;Einwohner insgesamt;2015_12_31;12;Gaarden-Ost;18314;10073;8241;;
de-sh;Kiel;Bevoelkerung;Einwohner insgesamt;2015_12_31;13;Gaarden-Sued/Kronsburg;10587;5349;5238;;
de-sh;Kiel;Bevoelkerung;Einwohner insgesamt;2015_12_31;14;Hassee;12334;6200;6134;;
de-sh;Kiel;Bevoelkerung;Einwohner insgesamt;2015_12_31;15;Hasseldieksdamm;2838;1362;1476;;
de-sh;Kiel;Bevoelkerung;Einwohner insgesamt;2015_12_31;16;Ellerbek;6003;3027;2976;;
de-sh;Kiel;Bevoelkerung;Einwohner insgesamt;2015_12_31;17;Wellingdorf;8010;3877;4133;;
de-sh;Kiel;Bevoelkerung;Einwohner insgesamt;2015_12_31;18;Holtenau;5994;3107;2887;;
de-sh;Kiel;Bevoelkerung;Einwohner insgesamt;2015_12_31;19;Pries;7450;3630;3820;;
de-sh;Kiel;Bevoelkerung;Einwohner insgesamt;2015_12_31;20;Friedrichsort;2095;1008;1087;;
de-sh;Kiel;Bevoelkerung;Einwohner insgesamt;2015_12_31;21;Neumuehlen/Dietrichsdorf;12173;5997;6176;;
de-sh;Kiel;Bevoelkerung;Einwohner insgesamt;2015_12_31;22;Elmschenhagen;17192;8371;8821;;
de-sh;Kiel;Bevoelkerung;Einwohner insgesamt;2015_12_31;23;Suchsdorf;9436;4545;4891;;
de-sh;Kiel;Bevoelkerung;Einwohner insgesamt;2015_12_31;24;Schilksee;4983;2356;2627;;
de-sh;Kiel;Bevoelkerung;Einwohner insgesamt;2015_12_31;25;Mettenhof;19715;9565;10150;;
de-sh;Kiel;Bevoelkerung;Einwohner insgesamt;2015_12_31;26;Russee;7057;3408;3649;;
de-sh;Kiel;Bevoelkerung;Einwohner insgesamt;2015_12_31;27;Meimersdorf;3288;1646;1642;;
de-sh;Kiel;Bevoelkerung;Einwohner insgesamt;2015_12_31;28;Moorsee;1980;1010;970;;
de-sh;Kiel;Bevoelkerung;Einwohner insgesamt;2015_12_31;29;Wellsee;5208;2562;2646;;
de-sh;Kiel;Bevoelkerung;Einwohner insgesamt;2015_12_31;30;Roenne;428;207;221;;
de-sh;Kiel;Bevoelkerung;Einwohner insgesamt;2014_12_31;1;Altstadt;654;294;360;;
de-sh;Kiel;Bevoelkerung;Einwohner insgesamt;2014_12_31;2;Vorstadt;1165;601;564;;
de-sh;Kiel;Bevoelkerung;Einwohner insgesamt;2014_12_31;3;Exerzierplatz;6388;3043;3345;;
de-sh;Kiel;Bevoelkerung;Einwohner insgesamt;2014_12_31;4;Damperhof;3319;1541;1778;;
de-sh;Kiel;Bevoelkerung;Einwohner insgesamt;2014_12_31;5;Brunswik;6464;2918;3546;;
de-sh;Kiel;Bevoelkerung;Einwohner insgesamt;2014_12_31;6;Duesternbrook;3200;1584;1616;;
de-sh;Kiel;Bevoelkerung;Einwohner insgesamt;2014_12_31;7;Bluecherplatz;11114;5083;6031;;
de-sh;Kiel;Bevoelkerung;Einwohner insgesamt;2014_12_31;8;Wik;18813;9091;9722;;
de-sh;Kiel;Bevoelkerung;Einwohner insgesamt;2014_12_31;9;Ravensberg;12081;5618;6463;;
de-sh;Kiel;Bevoelkerung;Einwohner insgesamt;2014_12_31;10;Schreventeich;11878;5771;6107;;
de-sh;Kiel;Bevoelkerung;Einwohner insgesamt;2014_12_31;11;Suedfriedhof;14895;7254;7641;;
de-sh;Kiel;Bevoelkerung;Einwohner insgesamt;2014_12_31;12;Gaarden-Ost;17662;9707;7955;;
de-sh;Kiel;Bevoelkerung;Einwohner insgesamt;2014_12_31;13;Gaarden-Sued/Kronsburg;10538;5340;5198;;
de-sh;Kiel;Bevoelkerung;Einwohner insgesamt;2014_12_31;14;Hassee;12246;6160;6086;;
de-sh;Kiel;Bevoelkerung;Einwohner insgesamt;2014_12_31;15;Hasseldieksdamm;2797;1344;1453;;
de-sh;Kiel;Bevoelkerung;Einwohner insgesamt;2014_12_31;16;Ellerbek;5894;2954;2940;;
de-sh;Kiel;Bevoelkerung;Einwohner insgesamt;2014_12_31;17;Wellingdorf;7984;3863;4121;;
de-sh;Kiel;Bevoelkerung;Einwohner insgesamt;2014_12_31;18;Holtenau;5204;2535;2669;;
de-sh;Kiel;Bevoelkerung;Einwohner insgesamt;2014_12_31;19;Pries;7381;3583;3798;;
de-sh;Kiel;Bevoelkerung;Einwohner insgesamt;2014_12_31;20;Friedrichsort;2059;990;1069;;
de-sh;Kiel;Bevoelkerung;Einwohner insgesamt;2014_12_31;21;Neumuehlen/Dietrichsdorf;12005;5879;6126;;
de-sh;Kiel;Bevoelkerung;Einwohner insgesamt;2014_12_31;22;Elmschenhagen;17037;8292;8745;;
de-sh;Kiel;Bevoelkerung;Einwohner insgesamt;2014_12_31;23;Suchsdorf;9427;4543;4884;;
de-sh;Kiel;Bevoelkerung;Einwohner insgesamt;2014_12_31;24;Schilksee;5030;2369;2661;;
de-sh;Kiel;Bevoelkerung;Einwohner insgesamt;2014_12_31;25;Mettenhof;19425;9398;10027;;
de-sh;Kiel;Bevoelkerung;Einwohner insgesamt;2014_12_31;26;Russee;7087;3442;3645;;
de-sh;Kiel;Bevoelkerung;Einwohner insgesamt;2014_12_31;27;Meimersdorf;3064;1538;1526;;
de-sh;Kiel;Bevoelkerung;Einwohner insgesamt;2014_12_31;28;Moorsee;1947;999;948;;
de-sh;Kiel;Bevoelkerung;Einwohner insgesamt;2014_12_31;29;Wellsee;5154;2564;2590;;
de-sh;Kiel;Bevoelkerung;Einwohner insgesamt;2014_12_31;30;Roenne;428;209;219;;
