Land;Stadt;Kategorie;Datum;Stadtteilnummer;Merkmal;Stadtteil;0 bis unter 3;3 bis unter 6; 6 bis unter 10;10 bis unter 12;12 bis unter 15;15 bis unter 18;18 bis unter 21;21 bis unter 25;25 bis unter 30;30 bis unter 35;35 bis unter 40;40 bis unter 45;45 bis unter 50;50 bis unter 55;55 bis unter 60;60 bis unter 65;65 bis unter 70;70 bis unter 75;75 bis unter 80;80 und aelter
de-sh;Kiel;Bevoelkerung;2023_12_31;1;Einwohner nach Altersgruppen;Altstadt;19;14;14;8;1;10;39;143;158;141;85;74;49;54;63;55;43;48;49;153
de-sh;Kiel;Bevoelkerung;2023_12_31;2;Einwohner nach Altersgruppen;Vorstadt;33;35;30;7;18;14;46;162;309;239;94;77;74;70;84;66;60;49;66;115
de-sh;Kiel;Bevoelkerung;2023_12_31;3;Einwohner nach Altersgruppen;Exerzierplatz;158;114;121;40;59;40;153;710;1064;795;488;349;269;280;341;251;243;190;174;460
de-sh;Kiel;Bevoelkerung;2023_12_31;4;Einwohner nach Altersgruppen;Damperhof;84;56;61;27;37;38;102;391;567;394;257;201;165;135;184;141;111;145;120;220
de-sh;Kiel;Bevoelkerung;2023_12_31;5;Einwohner nach Altersgruppen;Brunswik;116;78;79;28;51;82;244;789;1132;780;413;338;288;286;338;302;248;238;196;447
de-sh;Kiel;Bevoelkerung;2023_12_31;6;Einwohner nach Altersgruppen;Duesternbrook;73;75;83;48;69;69;122;224;253;200;159;134;172;203;261;198;165;158;144;298
de-sh;Kiel;Bevoelkerung;2023_12_31;7;Einwohner nach Altersgruppen;Bluecherpatz;366;262;291;140;199;201;280;787;1431;1198;950;709;577;669;708;666;500;426;321;553
de-sh;Kiel;Bevoelkerung;2023_12_31;8;Einwohner nach Altersgruppen;Wik;472;474;607;291;448;461;755;1562;2054;1872;1410;1138;1042;1177;1412;1223;1002;810;697;1238
de-sh;Kiel;Bevoelkerung;2023_12_31;9;Einwohner nach Altersgruppen;Ravensberg;268;179;207;92;122;128;566;1805;2215;1495;934;610;545;527;657;551;443;323;241;375
de-sh;Kiel;Bevoelkerung;2023_12_31;10;Einwohner nach Altersgruppen;Schreventeich;249;249;244;121;133;155;393;1481;1967;1313;904;634;516;530;609;526;489;387;279;513
de-sh;Kiel;Bevoelkerung;2023_12_31;11;Einwohner nach Altersgruppen;Suedfriedhof;325;243;286;133;196;180;515;1772;2567;1841;1270;914;698;738;865;710;554;408;351;838
de-sh;Kiel;Bevoelkerung;2023_12_31;12;Einwohner nach Altersgruppen;Gaarden-Ost;630;679;835;369;549;603;755;1454;1830;1676;1452;1284;1197;1230;1255;1094;784;605;408;540
de-sh;Kiel;Bevoelkerung;2023_12_31;13;Einwohner nach Altersgruppen;Gaarden-Sued/Kronsburg;265;270;409;174;253;306;346;551;763;778;717;670;620;699;908;828;593;474;395;824
de-sh;Kiel;Bevoelkerung;2023_12_31;14;Einwohner nach Altersgruppen;Hassee;309;306;356;178;273;301;378;880;1231;1164;928;817;688;849;992;821;688;515;403;799
de-sh;Kiel;Bevoelkerung;2023_12_31;15;Einwohner nach Altersgruppen;Hasseldieksdamm;54;55;112;45;88;78;93;115;117;125;158;171;160;204;281;212;180;129;106;263
de-sh;Kiel;Bevoelkerung;2023_12_31;16;Einwohner nach Altersgruppen;Ellerbek;145;161;216;111;154;180;201;347;456;467;391;336;347;381;485;462;362;294;232;452
de-sh;Kiel;Bevoelkerung;2023_12_31;17;Einwohner nach Altersgruppen;Wellingdorf;191;215;284;115;191;186;243;424;640;595;493;429;413;527;607;589;504;405;324;676
de-sh;Kiel;Bevoelkerung;2023_12_31;18;Einwohner nach Altersgruppen;Holtenau;129;156;220;104;176;183;196;300;376;411;387;343;340;427;531;439;334;305;275;574
de-sh;Kiel;Bevoelkerung;2023_12_31;19;Einwohner nach Altersgruppen;Pries;209;180;305;146;232;193;208;291;391;457;442;441;419;516;652;576;449;369;311;563
de-sh;Kiel;Bevoelkerung;2023_12_31;20;Einwohner nach Altersgruppen;Friedrichsort;65;52;67;45;55;62;56;91;131;144;143;135;132;139;178;138;113;98;71;188
de-sh;Kiel;Bevoelkerung;2023_12_31;21;Einwohner nach Altersgruppen;Neumuehlen/Dietrichsdorf;362;402;531;221;318;345;464;864;1101;986;840;723;680;758;886;883;686;580;431;784
de-sh;Kiel;Bevoelkerung;2023_12_31;22;Einwohner nach Altersgruppen;Elmschenhagen;444;437;683;329;507;514;536;761;914;1090;1056;1080;1000;1201;1472;1272;1032;952;772;1112
de-sh;Kiel;Bevoelkerung;2023_12_31;23;Einwohner nach Altersgruppen;Suchsdorf;172;230;344;184;295;326;297;309;379;422;485;479;579;715;841;688;585;510;410;865
de-sh;Kiel;Bevoelkerung;2023_12_31;24;Einwohner nach Altersgruppen;Schilksee;82;87;123;65;78;98;81;99;119;167;188;223;208;251;381;412;395;461;463;876
de-sh;Kiel;Bevoelkerung;2023_12_31;25;Einwohner nach Altersgruppen;Mettenhof;642;800;1148;572;865;820;725;882;1125;1297;1293;1273;1073;1148;1244;1290;1019;818;636;1270
de-sh;Kiel;Bevoelkerung;2023_12_31;26;Einwohner nach Altersgruppen;Russee;153;169;305;108;192;189;201;213;215;341;390;427;389;527;614;623;577;462;322;516
de-sh;Kiel;Bevoelkerung;2023_12_31;27;Einwohner nach Altersgruppen;Meimersdorf;78;126;204;99;162;170;99;97;104;145;200;284;312;305;267;174;119;101;70;103
de-sh;Kiel;Bevoelkerung;2023_12_31;28;Einwohner nach Altersgruppen;Moorsee;70;87;119;73;104;79;62;63;90;111;162;204;203;143;148;124;106;86;62;94
de-sh;Kiel;Bevoelkerung;2023_12_31;29;Einwohner nach Altersgruppen;Wellsee;150;155;252;114;176;164;156;171;297;358;352;387;314;360;478;410;278;201;169;277
de-sh;Kiel;Bevoelkerung;2023_12_31;30;Einwohner nach Altersgruppen;Roenne;8;17;12;8;12;10;8;6;14;17;38;23;20;26;42;30;36;27;8;42
de-sh;Kiel;Bevoelkerung;2022_12_31;1;Einwohner nach Altersgruppen;Altstadt;22;15;15;3;3;12;45;141;157;129;89;72;45;60;56;59;42;41;48;159
de-sh;Kiel;Bevoelkerung;2022_12_31;2;Einwohner nach Altersgruppen;Vorstadt;24;33;26;12;16;12;30;167;261;176;91;68;67;61;80;53;53;52;61;114
de-sh;Kiel;Bevoelkerung;2022_12_31;3;Einwohner nach Altersgruppen;Exerzierplatz;149;112;117;37;53;51;180;719;1080;742;491;340;279;295;331;252;234;192;183;459
de-sh;Kiel;Bevoelkerung;2022_12_31;4;Einwohner nach Altersgruppen;Damperhof;88;59;58;31;27;35;84;413;543;407;260;201;153;144;186;142;117;141;113;212
de-sh;Kiel;Bevoelkerung;2022_12_31;5;Einwohner nach Altersgruppen;Brunswik;124;86;77;32;58;76;244;765;1087;733;415;338;293;298;349;280;251;235;212;437
de-sh;Kiel;Bevoelkerung;2022_12_31;6;Einwohner nach Altersgruppen;Duesternbrook;71;80;90;41;79;73;124;215;264;221;190;141;190;210;265;184;175;170;129;293
de-sh;Kiel;Bevoelkerung;2022_12_31;7;Einwohner nach Altersgruppen;Bluecherpatz;368;255;304;131;202;206;258;853;1400;1252;917;675;596;723;723;605;500;419;340;528
de-sh;Kiel;Bevoelkerung;2022_12_31;8;Einwohner nach Altersgruppen;Wik;486;448;617;300;455;427;691;1664;2036;1869;1361;1152;1032;1228;1359;1181;991;825;691;1213
de-sh;Kiel;Bevoelkerung;2022_12_31;9;Einwohner nach Altersgruppen;Ravensberg;297;178;213;87;121;129;476;1833;2188;1488;931;605;487;580;652;534;415;319;251;371
de-sh;Kiel;Bevoelkerung;2022_12_31;10;Einwohner nach Altersgruppen;Schreventeich;280;231;251;111;127;163;401;1493;1881;1294;908;604;510;561;614;528;448;394;281;522
de-sh;Kiel;Bevoelkerung;2022_12_31;11;Einwohner nach Altersgruppen;Suedfriedhof;310;245;261;116;170;185;458;1807;2543;1842;1256;848;680;801;858;678;522;411;351;812
de-sh;Kiel;Bevoelkerung;2022_12_31;12;Einwohner nach Altersgruppen;Gaarden-Ost;619;672;797;363;540;567;738;1417;1766;1657;1395;1248;1214;1233;1252;1043;752;570;387;552
de-sh;Kiel;Bevoelkerung;2022_12_31;13;Einwohner nach Altersgruppen;Gaarden-Sued/Kronsburg;256;311;377;174;270;277;329;555;759;742;704;667;607;761;927;789;553;490;420;802
de-sh;Kiel;Bevoelkerung;2022_12_31;14;Einwohner nach Altersgruppen;Hassee;289;295;340;172;270;282;412;851;1221;1106;862;785;689;904;941;835;639;528;412;762
de-sh;Kiel;Bevoelkerung;2022_12_31;15;Einwohner nach Altersgruppen;Hasseldieksdamm;55;65;101;58;84;84;94;104;109;130;154;174;169;238;280;197;164;126;112;261
de-sh;Kiel;Bevoelkerung;2022_12_31;16;Einwohner nach Altersgruppen;Ellerbek;154;166;214;114;168;156;207;342;453;453;378;350;334;420;483;451;359;297;238;470
de-sh;Kiel;Bevoelkerung;2022_12_31;17;Einwohner nach Altersgruppen;Wellingdorf;212;224;270;128;195;188;241;397;642;594;477;423;437;549;609;580;495;422;313;657
de-sh;Kiel;Bevoelkerung;2022_12_31;18;Einwohner nach Altersgruppen;Holtenau;133;156;208;108;191;165;174;259;341;384;371;322;349;473;528;424;341;305;287;575
de-sh;Kiel;Bevoelkerung;2022_12_31;19;Einwohner nach Altersgruppen;Pries;185;196;317;138;219;207;215;292;389;438;398;448;426;548;662;583;409;377;308;551
de-sh;Kiel;Bevoelkerung;2022_12_31;20;Einwohner nach Altersgruppen;Friedrichsort;62;45;79;37;49;57;49;73;127;130;139;136;117;162;178;124;120;87;77;195
de-sh;Kiel;Bevoelkerung;2022_12_31;21;Einwohner nach Altersgruppen;Neumuehlen/Dietrichsdorf;382;386;508;203;308;347;446;854;1062;997;796;710;654;816;901;854;684;570;435;796
de-sh;Kiel;Bevoelkerung;2022_12_31;22;Einwohner nach Altersgruppen;Elmschenhagen;446;475;682;313;491;528;510;770;911;1125;1044;1055;978;1297;1473;1248;1036;992;749;1082
de-sh;Kiel;Bevoelkerung;2022_12_31;23;Einwohner nach Altersgruppen;Suchsdorf;166;229;363;173;291;332;291;332;351;427;448;491;565;779;830;665;557;528;429;847
de-sh;Kiel;Bevoelkerung;2022_12_31;24;Einwohner nach Altersgruppen;Schilksee;88;80;130;60;89;89;85;96;113;162;180;219;207;270;400;388;397;481;474;872
de-sh;Kiel;Bevoelkerung;2022_12_31;25;Einwohner nach Altersgruppen;Mettenhof;722;818;1119;581;875;772;746;901;1106;1332;1312;1228;1062;1216;1286;1281;980;829;643;1283
de-sh;Kiel;Bevoelkerung;2022_12_31;26;Einwohner nach Altersgruppen;Russee;144;188;276;105;199;197;218;194;227;338;379;408;413;581;629;611;558;460;296;513
de-sh;Kiel;Bevoelkerung;2022_12_31;27;Einwohner nach Altersgruppen;Meimersdorf;90;147;207;109;172;140;121;90;112;174;213;290;299;333;231;172;113;105;65;96
de-sh;Kiel;Bevoelkerung;2022_12_31;28;Einwohner nach Altersgruppen;Moorsee;76;75;129;68;94;83;65;48;79;100;169;197;196;138;147;135;99;88;66;89
de-sh;Kiel;Bevoelkerung;2022_12_31;29;Einwohner nach Altersgruppen;Wellsee;169;185;257;125;162;164;167;162;299;374;372;364;321;386;495;383;245;227;150;270
de-sh;Kiel;Bevoelkerung;2022_12_31;30;Einwohner nach Altersgruppen;Roenne;11;12;17;8;11;9;12;8;12;17;33;26;19;30;43;35;36;26;8;43
de-sh;Kiel;Bevoelkerung;2021_12_31;1;Einwohner nach Altersgruppen;Altstadt;24;15;14;1;6;14;43;127;147;114;82;64;37;74;57;51;42;38;47;156
de-sh;Kiel;Bevoelkerung;2021_12_31;2;Einwohner nach Altersgruppen;Vorstadt;20;22;23;8;8;10;32;151;218;128;78;54;51;70;75;46;53;57;61;110
de-sh;Kiel;Bevoelkerung;2021_12_31;3;Einwohner nach Altersgruppen;Exerzierplatz;145;120;102;31;45;53;177;771;1041;780;505;319;290;314;324;251;207;208;201;459
de-sh;Kiel;Bevoelkerung;2021_12_31;4;Einwohner nach Altersgruppen;Damperhof;77;58;47;23;36;33;100;408;540;396;257;198;151;166;173;137;128;139;120;209
de-sh;Kiel;Bevoelkerung;2021_12_31;5;Einwohner nach Altersgruppen;Brunswik;120;78;75;35;59;73;215;804;1002;726;418;323;288;314;345;261;237;237;198;462
de-sh;Kiel;Bevoelkerung;2021_12_31;6;Einwohner nach Altersgruppen;Duesternbrook;72;69;88;41;75;76;107;251;267;203;165;135;182;215;263;168;179;157;147;275
de-sh;Kiel;Bevoelkerung;2021_12_31;7;Einwohner nach Altersgruppen;Bluecherpatz;357;269;295;140;198;188;310;899;1395;1257;893;704;612;725;710;598;469;429;354;510
de-sh;Kiel;Bevoelkerung;2021_12_31;8;Einwohner nach Altersgruppen;Wik;461;435;547;252;422;389;679;1615;2061;1867;1288;1071;999;1320;1288;1120;956;798;708;1211
de-sh;Kiel;Bevoelkerung;2021_12_31;9;Einwohner nach Altersgruppen;Ravensberg;257;175;207;86;118;130;550;1903;2166;1467;906;607;498;615;647;506;420;304;257;382
de-sh;Kiel;Bevoelkerung;2021_12_31;10;Einwohner nach Altersgruppen;Schreventeich;287;232;252;87;138;162;424;1553;1894;1317;916;559;506;616;585;534;455;367;298;532
de-sh;Kiel;Bevoelkerung;2021_12_31;11;Einwohner nach Altersgruppen;Suedfriedhof;295;238;252;121;146;178;485;1906;2493;1902;1221;855;671;816;824;651;495;401;347;832
de-sh;Kiel;Bevoelkerung;2021_12_31;12;Einwohner nach Altersgruppen;Gaarden-Ost;655;666;732;377;533;566;720;1461;1769;1609;1346;1281;1224;1248;1258;1020;736;576;408;543
de-sh;Kiel;Bevoelkerung;2021_12_31;13;Einwohner nach Altersgruppen;Gaarden-Sued/Kronsburg;265;323;351;165;279;251;340;532;738;738;676;660;620;796;928;758;532;490;439;799
de-sh;Kiel;Bevoelkerung;2021_12_31;14;Einwohner nach Altersgruppen;Hassee;313;265;323;166;261;258;398;891;1215;1133;827;701;714;961;931;797;645;514;403;755
de-sh;Kiel;Bevoelkerung;2021_12_31;15;Einwohner nach Altersgruppen;Hasseldieksdamm;61;79;94;56;83;92;84;119;111;140;170;172;151;277;267;176;160;126;116;271
de-sh;Kiel;Bevoelkerung;2021_12_31;16;Einwohner nach Altersgruppen;Ellerbek;135;188;217;108;148;168;195;340;478;436;379;367;312;447;487;425;341;313;253;479
de-sh;Kiel;Bevoelkerung;2021_12_31;17;Einwohner nach Altersgruppen;Wellingdorf;236;227;252;129;177;188;210;433;640;586;481;440;418;573;628;565;465;421;319;679
de-sh;Kiel;Bevoelkerung;2021_12_31;18;Einwohner nach Altersgruppen;Holtenau;137;123;179;107;150;154;169;245;330;361;339;300;345;480;487;387;329;295;304;564
de-sh;Kiel;Bevoelkerung;2021_12_31;19;Einwohner nach Altersgruppen;Pries;162;202;293;133;203;201;208;297;401;439;397;421;444;596;651;549;402;397;307;570
de-sh;Kiel;Bevoelkerung;2021_12_31;20;Einwohner nach Altersgruppen;Friedrichsort;56;54;91;31;45;54;53;79;133;128;126;129;128;159;179;125;109;86;84;192
de-sh;Kiel;Bevoelkerung;2021_12_31;21;Einwohner nach Altersgruppen;Neumuehlen/Dietrichsdorf;365;378;485;202;325;308;448;843;1067;950;762;665;699;828;934;804;688;558;474;827
de-sh;Kiel;Bevoelkerung;2021_12_31;22;Einwohner nach Altersgruppen;Elmschenhagen;424;472;656;323;498;514;497;780;950;1073;1034;1013;982;1371;1509;1226;1046;973;730;1054
de-sh;Kiel;Bevoelkerung;2021_12_31;23;Einwohner nach Altersgruppen;Suchsdorf;198;261;338;184;338;326;289;330;367;408;462;517;587;833;788;663;567;511;460;814
de-sh;Kiel;Bevoelkerung;2021_12_31;24;Einwohner nach Altersgruppen;Schilksee;90;72;129;57;98;81;84;92;121;176;201;204;205;306;394;366;416;494;527;812
de-sh;Kiel;Bevoelkerung;2021_12_31;25;Einwohner nach Altersgruppen;Mettenhof;729;821;1129;589;823;738;729;901;1177;1346;1258;1225;1069;1220;1342;1240;937;833;694;1256
de-sh;Kiel;Bevoelkerung;2021_12_31;26;Einwohner nach Altersgruppen;Russee;163;208;247;117;186;206;222;197;233;361;396;396;435;596;618;626;543;423;300;515
de-sh;Kiel;Bevoelkerung;2021_12_31;27;Einwohner nach Altersgruppen;Meimersdorf;102;148;209;113;166;131;111;105;110;173;230;290;314;320;214;155;118;94;72;89
de-sh;Kiel;Bevoelkerung;2021_12_31;28;Einwohner nach Altersgruppen;Moorsee;85;79;136;72;87;75;58;49;81;119;175;215;172;161;152;116;97;88;70;81
de-sh;Kiel;Bevoelkerung;2021_12_31;29;Einwohner nach Altersgruppen;Wellsee;170;202;242;121;161;171;168;191;298;354;381;367;320;427;474;376;237;220;157;245
de-sh;Kiel;Bevoelkerung;2021_12_31;30;Einwohner nach Altersgruppen;Roenne;13;11;12;11;5;10;9;8;18;24;26;25;18;32;37;38;36;20;10;43
de-sh;Kiel;Bevoelkerung;2020_12_31;1;Einwohner nach Altersgruppen;Altstadt;26;18;12;1;8;16;51;143;159;121;71;58;37;71;55;44;46;40;49;149
de-sh;Kiel;Bevoelkerung;2020_12_31;2;Einwohner nach Altersgruppen;Vorstadt;28;18;21;6;8;12;40;167;194;124;79;59;48;74;68;55;45;64;60;106
de-sh;Kiel;Bevoelkerung;2020_12_32;3;Einwohner nach Altersgruppen;Exerzierplatz;165;108;87;40;36;49;182;817;1043;787;497;317;283;334;322;252;201;210;222;461
de-sh;Kiel;Bevoelkerung;2020_12_33;4;Einwohner nach Altersgruppen;Damperhof;70;50;52;20;35;30;108;406;534;367;258;185;148;173;174;130;131;133;124;207
de-sh;Kiel;Bevoelkerung;2020_12_34;5;Einwohner nach Altersgruppen;Brunswik;128;68;76;32;70;68;209;747;1019;754;388;336;274;341;329;253;256;212;223;454
de-sh;Kiel;Bevoelkerung;2020_12_35;6;Einwohner nach Altersgruppen;Duesternbrook;81;78;85;58;62;72;121;246;293;211;161;152;172;257;214;176;173;161;168;255
de-sh;Kiel;Bevoelkerung;2020_12_36;7;Einwohner nach Altersgruppen;Bluecherpatz;350;272;282;142;196;191;297;932;1337;1257;905;681;628;762;694;573;469;417;345;500
de-sh;Kiel;Bevoelkerung;2020_12_37;8;Einwohner nach Altersgruppen;Wik;489;465;551;260;401;378;738;1636;2071;1836;1292;1085;1011;1369;1253;1100;915;808;779;1128
de-sh;Kiel;Bevoelkerung;2020_12_38;9;Einwohner nach Altersgruppen;Ravensberg;265;181;209;75;126;116;584;1949;2195;1492;866;577;515;632;616;488;401;322;268;368
de-sh;Kiel;Bevoelkerung;2020_12_39;10;Einwohner nach Altersgruppen;Schreventeich;311;210;237;90;152;159;462;1593;1929;1346;861;569;517;643;552;548;452;378;309;526
de-sh;Kiel;Bevoelkerung;2020_12_40;11;Einwohner nach Altersgruppen;Suedfriedhof;318;231;249;127;156;178;544;1950;2556;1895;1208;804;719;854;810;652;461;399;390;809
de-sh;Kiel;Bevoelkerung;2020_12_41;12;Einwohner nach Altersgruppen;Gaarden-Ost;675;658;754;348;572;541;738;1378;1763;1618;1373;1269;1209;1282;1282;971;732;562;428;524
de-sh;Kiel;Bevoelkerung;2020_12_42;13;Einwohner nach Altersgruppen;Gaarden-Sued/Kronsburg;277;313;343;171;273;242;351;547;738;749;661;645;635;820;900;735;531;481;476;758
de-sh;Kiel;Bevoelkerung;2020_12_43;14;Einwohner nach Altersgruppen;Hassee;296;265;319;165;254;262;451;884;1183;1084;827;699;728;999;941;773;617;480;445;742
de-sh;Kiel;Bevoelkerung;2020_12_44;15;Einwohner nach Altersgruppen;Hasseldieksdamm;52;80;98;55;80;102;93;116;124;144;170;163;164;296;255;169;165;119;121;270
de-sh;Kiel;Bevoelkerung;2020_12_45;16;Einwohner nach Altersgruppen;Ellerbek;184;177;220;93;171;174;211;344;461;412;402;351;340;470;478;422;334;321;275;479
de-sh;Kiel;Bevoelkerung;2020_12_46;17;Einwohner nach Altersgruppen;Wellingdorf;223;228;243;122;181;189;219;449;638;574;443;440;426;623;586;576;472;392;356;644
de-sh;Kiel;Bevoelkerung;2020_12_47;18;Einwohner nach Altersgruppen;Holtenau;123;126;163;99;137;151;160;271;327;347;314;315;362;496;474;367;331;299;323;530
de-sh;Kiel;Bevoelkerung;2020_12_48;19;Einwohner nach Altersgruppen;Pries;175;198;290;142;187;203;217;309;394;427;385;426;454;622;653;538;383;399;330;535
de-sh;Kiel;Bevoelkerung;2020_12_49;20;Einwohner nach Altersgruppen;Friedrichsort;57;60;89;33;49;43;55;85;135;122;140;133;124;171;166;128;101;96;98;191
de-sh;Kiel;Bevoelkerung;2020_12_50;21;Einwohner nach Altersgruppen;Neumuehlen/Dietrichsdorf;384;385;443;214;340;310;480;811;1054;911;761;641;708;864;927;766;683;557;516;807
de-sh;Kiel;Bevoelkerung;2020_12_51;22;Einwohner nach Altersgruppen;Elmschenhagen;437;485;652;331;497;511;532;793;943;1099;989;1000;1036;1432;1472;1189;1066;977;758;994
de-sh;Kiel;Bevoelkerung;2020_12_52;23;Einwohner nach Altersgruppen;Suchsdorf;200;264;349;194;332;331;291;331;370;408;433;548;618;865;753;645;581;487;504;758
de-sh;Kiel;Bevoelkerung;2020_12_53;24;Einwohner nach Altersgruppen;Schilksee;85;79;125;52;96;82;83;94;138;174;190;219;216;308;402;348;406;513;577;739
de-sh;Kiel;Bevoelkerung;2020_12_54;25;Einwohner nach Altersgruppen;Mettenhof;713;834;1104;573;809;736;723;900;1144;1293;1274;1162;1089;1262;1356;1219;944;826;776;1182
de-sh;Kiel;Bevoelkerung;2020_12_55;26;Einwohner nach Altersgruppen;Russee;152;204;240;129;175;221;229;197;267;347;406;379;459;614;630;650;503;399;353;458
de-sh;Kiel;Bevoelkerung;2020_12_56;27;Einwohner nach Altersgruppen;Meimersdorf;121;154;223;109;179;108;128;83;105;181;265;296;336;294;210;126;128;84;75;87
de-sh;Kiel;Bevoelkerung;2020_12_57;28;Einwohner nach Altersgruppen;Moorsee;77;84;132;69;77;69;53;53;80;107;182;208;159;171;144;125;91;87;74;67
de-sh;Kiel;Bevoelkerung;2020_12_58;29;Einwohner nach Altersgruppen;Wellsee;179;211;253;108;166;166;161;200;305;376;393;369;347;464;453;352;245;221;165;231
de-sh;Kiel;Bevoelkerung;2020_12_59;30;Einwohner nach Altersgruppen;Roenne;16;10;13;7;8;10;7;13;10;32;32;18;25;40;36;38;33;18;13;44
de-sh;Kiel;Bevoelkerung;2019_12_31;1;Einwohner nach Altersgruppen;Altstadt;25;17;9;2;11;15;52;138;131;113;77;55;46;71;47;45;46;41;50;148
de-sh;Kiel;Bevoelkerung;2019_12_31;2;Einwohner nach Altersgruppen;Vorstadt;29;21;19;6;12;6;34;162;190;121;74;68;55;72;74;57;52;60;64;108
de-sh;Kiel;Bevoelkerung;2019_12_31;3;Einwohner nach Altersgruppen;Exerzierplatz;162;112;91;35;55;46;186;742;1108;757;474;324;288;373;302;261;199;200;234;460
de-sh;Kiel;Bevoelkerung;2019_12_31;4;Einwohner nach Altersgruppen;Damperhof;78;55;47;22;33;39;120;396;511;382;272;184;138;175;171;125;140;131;125;195
de-sh;Kiel;Bevoelkerung;2019_12_31;5;Einwohner nach Altersgruppen;Brunswik;130;73;66;42;68;58;198;729;1105;680;432;312;286;354;300;257;262;187;239;447
de-sh;Kiel;Bevoelkerung;2019_12_31;6;Einwohner nach Altersgruppen;Duesternbrook;85;68;97;51;66;73;141;237;293;195;165;167;184;273;196;165;173;154;173;231
de-sh;Kiel;Bevoelkerung;2019_12_31;7;Einwohner nach Altersgruppen;Bluecherpatz;352;284;290;136;197;187;311;907;1359;1206;898;674;671;754;690;555;479;385;369;474
de-sh;Kiel;Bevoelkerung;2019_12_31;8;Einwohner nach Altersgruppen;Wik;490;503;539;299;376;356;793;1634;2156;1738;1252;1080;1058;1371;1240;1072;892;778;843;1091
de-sh;Kiel;Bevoelkerung;2019_12_31;9;Einwohner nach Altersgruppen;Ravensberg;264;210;189;81;126;102;587;1875;2261;1479;822;600;527;640;586;491;385;294;311;330
de-sh;Kiel;Bevoelkerung;2019_12_31;10;Einwohner nach Altersgruppen;Schreventeich;306;216;228;83;167;167;463;1550;2008;1348;835;578;533;643;550;544;458;346;345;501
de-sh;Kiel;Bevoelkerung;2019_12_31;11;Einwohner nach Altersgruppen;Suedfriedhof;323;237;260;109;171;188;569;1903;2564;1830;1199;775;726;890;785;601;461;385;418;818
de-sh;Kiel;Bevoelkerung;2019_12_31;12;Einwohner nach Altersgruppen;Gaarden-Ost;698;635;757;365;557;533;716;1400;1790;1629;1357;1200;1235;1331;1247;932;703;529;447;497
de-sh;Kiel;Bevoelkerung;2019_12_31;13;Einwohner nach Altersgruppen;Gaarden-Sued/Kronsburg;307;313;328;185;250;262;340;561;761;703;666;614;651;851;896;687;547;462;522;729
de-sh;Kiel;Bevoelkerung;2019_12_31;14;Einwohner nach Altersgruppen;Hassee;297;253;323;165;245;292;449;894;1236;1092;821;704;760;1022;909;746;584;489;502;694
de-sh;Kiel;Bevoelkerung;2019_12_31;15;Einwohner nach Altersgruppen;Hasseldieksdamm;48;69;97;53;79;101;114;113;119;132;150;162;166;306;235;175;157;120;135;270
de-sh;Kiel;Bevoelkerung;2019_12_31;16;Einwohner nach Altersgruppen;Ellerbek;176;177;219;108;161;174;210;341;475;421;392;358;356;483;467;402;339;310;293;460
de-sh;Kiel;Bevoelkerung;2019_12_31;17;Einwohner nach Altersgruppen;Wellingdorf;240;232;229;113;192;187;231;467;664;545;441;417;471;632;599;525;467;391;385;621
de-sh;Kiel;Bevoelkerung;2019_12_31;18;Einwohner nach Altersgruppen;Holtenau;111;114;182;90;131;142;184;245;318;327;307;320;372;497;455;359;341;277;378;477
de-sh;Kiel;Bevoelkerung;2019_12_31;19;Einwohner nach Altersgruppen;Pries;174;226;272;142;202;211;219;316;392;414;399;420;471;659;649;482;429;358;364;508
de-sh;Kiel;Bevoelkerung;2019_12_31;20;Einwohner nach Altersgruppen;Friedrichsort;50;63;81;30;58;41;55;94;129;129;128;134;127;179;149;135;94;95;113;185
de-sh;Kiel;Bevoelkerung;2019_12_31;21;Einwohner nach Altersgruppen;Neumuehlen/Dietrichsdorf;408;393;426;212;328;339;496;868;1095;899;748;640;744;881;955;743;677;529;587;774
de-sh;Kiel;Bevoelkerung;2019_12_31;22;Einwohner nach Altersgruppen;Elmschenhagen;480;485;628;316;517;508;569;760;1031;1033;1024;968;1095;1530;1416;1149;1090;917;855;893
de-sh;Kiel;Bevoelkerung;2019_12_31;23;Einwohner nach Altersgruppen;Suchsdorf;199;262;369;203;342;320;299;325;380;388;455;554;674;872;743;629;543;497;558;702
de-sh;Kiel;Bevoelkerung;2019_12_31;24;Einwohner nach Altersgruppen;Schilksee;64;90;116;64;79;95;87;95;126;172;200;198;224;333;394;346;439;484;623;676
de-sh;Kiel;Bevoelkerung;2019_12_31;25;Einwohner nach Altersgruppen;Mettenhof;745;795;1171;555;765;764;701;900;1143;1251;1275;1165;1109;1313;1354;1212;926;772;867;1114
de-sh;Kiel;Bevoelkerung;2019_12_31;26;Einwohner nach Altersgruppen;Russee;183;215;222;123;182;241;221;198;281;334;397;373;518;600;642;651;498;363;391;421
de-sh;Kiel;Bevoelkerung;2019_12_31;27;Einwohner nach Altersgruppen;Meimersdorf;149;148;224;114;146;134;108;85;119;204;280;316;322;292;187;125;121;85;74;80
de-sh;Kiel;Bevoelkerung;2019_12_31;28;Einwohner nach Altersgruppen;Moorsee;76;97;138;57;82;63;52;55;79;117;183;209;151;160;146;123;87;84;74;61
de-sh;Kiel;Bevoelkerung;2019_12_31;29;Einwohner nach Altersgruppen;Wellsee;191;195;252;114;156;178;158;205;310;365;405;348;363;495;432;328;260;190;199;206
de-sh;Kiel;Bevoelkerung;2019_12_31;30;Einwohner nach Altersgruppen;Roenne;10;14;18;5;9;11;6;17;8;35;29;26;23;42;36;43;29;14;20;41
de-sh;Kiel;Bevoelkerung;2018_12_31;1;Einwohner nach Altersgruppen;Altstadt;19;15;7;5;9;10;53;114;132;91;68;49;46;58;38;31;45;39;51;209
de-sh;Kiel;Bevoelkerung;2018_12_31;2;Einwohner nach Altersgruppen;Vorstadt;24;18;15;5;13;10;41;175;199;112;85;66;56;78;62;64;52;71;63;131
de-sh;Kiel;Bevoelkerung;2018_12_31;3;Einwohner nach Altersgruppen;Exerzierplatz;178;104;89;25;61;46;230;770;1124;737;455;343;309;378;282;257;204;211;258;700
de-sh;Kiel;Bevoelkerung;2018_12_31;4;Einwohner nach Altersgruppen;Damperhof;70;55;52;23;31;33;128;402;558;372;266;178;146;185;157;126;155;121;115;310
de-sh;Kiel;Bevoelkerung;2018_12_31;5;Einwohner nach Altersgruppen;Brunswik;121;83;74;42;66;57;220;753;1113;649;453;321;302;342;307;260;245;208;234;739
de-sh;Kiel;Bevoelkerung;2018_12_31;6;Einwohner nach Altersgruppen;Duesternbrook;73;78;98;41;74;60;143;236;288;214;148;180;198;254;184;167;174;159;188;266
de-sh;Kiel;Bevoelkerung;2018_12_31;7;Einwohner nach Altersgruppen;Bluecherpatz;360;258;290;144;178;212;331;922;1386;1176;887;692;714;774;685;518;465;378;387;656
de-sh;Kiel;Bevoelkerung;2018_12_31;8;Einwohner nach Altersgruppen;Wik;535;474;564;282;382;355;863;1606;2204;1713;1262;1066;1155;1390;1209;1051;861;807;883;1425
de-sh;Kiel;Bevoelkerung;2018_12_31;9;Einwohner nach Altersgruppen;Ravensberg;273;207;179;89;121;108;660;1870;2227;1511;812;588;545;679;563;455;359;296;311;485
de-sh;Kiel;Bevoelkerung;2018_12_31;10;Einwohner nach Altersgruppen;Schreventeich;298;216;232;96;169;167;504;1580;2002;1364;816;578;560;642;567;536;444;353;352;760
de-sh;Kiel;Bevoelkerung;2018_12_31;11;Einwohner nach Altersgruppen;Suedfriedhof;325;242;251;100;179;197;659;1891;2680;1812;1166;789;768;906;754;586;446;401;435;1179
de-sh;Kiel;Bevoelkerung;2018_12_31;12;Einwohner nach Altersgruppen;Gaarden-Ost;728;608;727;368;553;505;813;1371;1777;1599;1382;1254;1255;1366;1222;907;707;534;470;701
de-sh;Kiel;Bevoelkerung;2018_12_31;13;Einwohner nach Altersgruppen;Gaarden-Sued/Kronsburg;306;284;362;192;243;281;342;572;747;712;659;613;690;914;873;665;541;474;552;977
de-sh;Kiel;Bevoelkerung;2018_12_31;14;Einwohner nach Altersgruppen;Hassee;254;243;319;173;236;294;451;929;1276;992;820;677;826;1035;872;704;584;474;537;934
de-sh;Kiel;Bevoelkerung;2018_12_31;15;Einwohner nach Altersgruppen;Hasseldieksdamm;57;65;100;47;88;102;100;126;135;133;148;149;196;298;225;188;144;119;150;380
de-sh;Kiel;Bevoelkerung;2018_12_31;16;Einwohner nach Altersgruppen;Ellerbek;188;167;192;112;166;171;206;366;461;426;385;365;372;498;483;389;353;291;315;665
de-sh;Kiel;Bevoelkerung;2018_12_31;17;Einwohner nach Altersgruppen;Wellingdorf;259;205;238;105;186;173;251;486;679;513;449;408;504;621;601;550;432;388;394;835
de-sh;Kiel;Bevoelkerung;2018_12_31;18;Einwohner nach Altersgruppen;Holtenau;103;143;194;100;156;145;199;255;322;333;303;324;404;515;446;351;335;308;369;638
de-sh;Kiel;Bevoelkerung;2018_12_31;19;Einwohner nach Altersgruppen;Pries;199;233;287;124;195;220;248;324;422;393;406;405;514;697;594;472;416;374;400;704
de-sh;Kiel;Bevoelkerung;2018_12_31;20;Einwohner nach Altersgruppen;Friedrichsort;63;66;70;27;53;55;48;96;141;127;132;123;147;169;145;128;107;94;122;233
de-sh;Kiel;Bevoelkerung;2018_12_31;21;Einwohner nach Altersgruppen;Neumuehlen/Dietrichsdorf;378;395;423;228;303;346;506;922;1077;867;721;647;761;911;911;744;646;538;598;1055
de-sh;Kiel;Bevoelkerung;2018_12_31;22;Einwohner nach Altersgruppen;Elmschenhagen;464;509;637;328;503;525;601;735;1005;997;1038;976;1189;1553;1383;1145;1095;905;870;1129
de-sh;Kiel;Bevoelkerung;2018_12_31;23;Einwohner nach Altersgruppen;Suchsdorf;216;255;378;232;330;299;292;300;394;389;446;562;744;861;722;629;531;493;608;893
de-sh;Kiel;Bevoelkerung;2018_12_31;24;Einwohner nach Altersgruppen;Schilksee;73;90;111;70;81;94;100;96;140;164;199;198;243;344;385;378;466;508;603;845
de-sh;Kiel;Bevoelkerung;2018_12_31;25;Einwohner nach Altersgruppen;Mettenhof;776;819;1188;564;771;752;739;881;1195;1232;1276;1080;1186;1311;1388;1151;924;779;940;1410
de-sh;Kiel;Bevoelkerung;2018_12_31;26;Einwohner nach Altersgruppen;Russee;194;185;217;125;188;265;206;206;276;359;397;383;549;616;657;607;490;370;400;519
de-sh;Kiel;Bevoelkerung;2018_12_31;27;Einwohner nach Altersgruppen;Meimersdorf;148;169;225;115;136;132;99;98;132;204;310;317;330;275;172;122;118;79;68;107
de-sh;Kiel;Bevoelkerung;2018_12_31;28;Einwohner nach Altersgruppen;Moorsee;77;101;134;59;70;63;47;57;80;128;198;213;149;162;139;108;102;72;78;79
de-sh;Kiel;Bevoelkerung;2018_12_31;29;Einwohner nach Altersgruppen;Wellsee;192;190;242;111;166;186;154;208;325;362;386;334;397;504;417;299;240;193;196;273
de-sh;Kiel;Bevoelkerung;2018_12_31;30;Einwohner nach Altersgruppen;Roenne;10;11;18;4;12;9;7;11;12;29;28;24;29;42;38;39;29;12;28;75
de-sh;Kiel;Bevoelkerung;2017_12_31;1;Einwohner nach Altersgruppen;Altstadt;15;14;5;4;6;7;50;94;121;74;49;34;41;36;30;29;32;28;45;204
de-sh;Kiel;Bevoelkerung;2017_12_31;2;Einwohner nach Altersgruppen;Vorstadt;19;20;13;7;11;10;45;167;206;126;88;64;65;74;59;60;61;68;72;110
de-sh;Kiel;Bevoelkerung;2017_12_31;3;Einwohner nach Altersgruppen;Exerzierplatz;154;98;84;31;52;59;214;797;1118;726;474;349;331;365;273;251;224;224;258;683
de-sh;Kiel;Bevoelkerung;2017_12_31;4;Einwohner nach Altersgruppen;Damperhof;65;53;46;23;34;29;120;385;587;355;261;164;148;196;153;121;147;117;125;302
de-sh;Kiel;Bevoelkerung;2017_12_31;5;Einwohner nach Altersgruppen;Brunswik;126;85;83;41;64;59;240;767;1058;643;434;326;324;359;291;261;242;220;252;741
de-sh;Kiel;Bevoelkerung;2017_12_31;6;Einwohner nach Altersgruppen;Duesternbrook;80;82;95;42;70;70;145;226;302;238;185;200;201;242;180;171;167;156;199;253
de-sh;Kiel;Bevoelkerung;2017_12_31;7;Einwohner nach Altersgruppen;Bluecherpatz;377;260;296;145;177;202;326;921;1372;1226;885;658;774;773;619;541;452;389;382;642
de-sh;Kiel;Bevoelkerung;2017_12_31;8;Einwohner nach Altersgruppen;Wik;529;456;585;265;369;366;838;1675;2264;1719;1238;1061;1214;1323;1179;1026;865;812;916;1348
de-sh;Kiel;Bevoelkerung;2017_12_31;9;Einwohner nach Altersgruppen;Ravensberg;280;219;193;82;117;128;650;1808;2413;1521;879;577;589;686;556;428;369;290;315;479
de-sh;Kiel;Bevoelkerung;2017_12_31;10;Einwohner nach Altersgruppen;Schreventeich;301;238;196;117;158;172;431;1599;2048;1329;761;583;597;654;570;492;443;343;367;747
de-sh;Kiel;Bevoelkerung;2017_12_31;11;Einwohner nach Altersgruppen;Suedfriedhof;348;236;227;110;183;215;620;1853;2764;1816;1112;762;855;887;711;562;453;405;449;1147
de-sh;Kiel;Bevoelkerung;2017_12_31;12;Einwohner nach Altersgruppen;Gaarden-Ost;723;583;739;361;538;506;803;1424;1872;1589;1410;1281;1370;1385;1189;902;680;533;492;712
de-sh;Kiel;Bevoelkerung;2017_12_31;13;Einwohner nach Altersgruppen;Gaarden-Sued/Kronsburg;313;288;355;183;232;277;330;601;764;719;663;629;744;943;845;628;560;498;561;931
de-sh;Kiel;Bevoelkerung;2017_12_31;14;Einwohner nach Altersgruppen;Hassee;274;225;326;164;266;322;466;894;1296;992;825;680;919;984;867;666;548;473;551;899
de-sh;Kiel;Bevoelkerung;2017_12_31;15;Einwohner nach Altersgruppen;Hasseldieksdamm;60;64;94;52;100;100;105;113;128;140;150;157;234;291;212;175;138;132;158;372
de-sh;Kiel;Bevoelkerung;2017_12_31;16;Einwohner nach Altersgruppen;Ellerbek;181;156;202;97;165;178;208;340;458;402;379;340;427;483;458;405;348;293;353;656
de-sh;Kiel;Bevoelkerung;2017_12_31;17;Einwohner nach Altersgruppen;Wellingdorf;252;184;231;122;175;179;250;493;660;522;429;439;534;617;604;526;465;372;427;802
de-sh;Kiel;Bevoelkerung;2017_12_31;18;Einwohner nach Altersgruppen;Holtenau;123;122;183;85;144;151;190;247;313;316;319;333;427;505;441;345;329;321;394;594
de-sh;Kiel;Bevoelkerung;2017_12_31;19;Einwohner nach Altersgruppen;Pries;186;213;279;120;201;229;248;332;429;366;409;414;561;690;588;445;446;375;415;680
de-sh;Kiel;Bevoelkerung;2017_12_31;20;Einwohner nach Altersgruppen;Friedrichsort;66;55;66;33;42;49;54;101;137;125;128;123;169;175;138;124;100;100;129;241
de-sh;Kiel;Bevoelkerung;2017_12_31;21;Einwohner nach Altersgruppen;Neumuehlen/Dietrichsdorf;387;367;405;237;311;346;504;910;1101;868;704;662;812;944;890;740;647;522;642;1032
de-sh;Kiel;Bevoelkerung;2017_12_31;22;Einwohner nach Altersgruppen;Elmschenhagen;444;484;626;352;491;547;605;725;1046;953;999;921;1318;1559;1338;1159;1121;874;860;1101
de-sh;Kiel;Bevoelkerung;2017_12_31;23;Einwohner nach Altersgruppen;Suchsdorf;227;239;394;233;334;289;309;312;407;360;454;567;823;859;679;597;564;503;626;855
de-sh;Kiel;Bevoelkerung;2017_12_31;24;Einwohner nach Altersgruppen;Schilksee;77;87;122;59;83;105;109;94;168;159;206;193;261;371;366;389;498;508;591;796
de-sh;Kiel;Bevoelkerung;2017_12_31;25;Einwohner nach Altersgruppen;Mettenhof;791;827;1159;535;770;762;745;871;1246;1217;1204;1083;1266;1372;1380;1102;940;801;999;1315
de-sh;Kiel;Bevoelkerung;2017_12_31;26;Einwohner nach Altersgruppen;Russee;179;172;238;104;215;252;228;213;291;325;399;407;579;641;651;596;492;350;401;486
de-sh;Kiel;Bevoelkerung;2017_12_31;27;Einwohner nach Altersgruppen;Meimersdorf;164;172;247;118;115;143;86;97;137;213;311;321;357;244;175;118;114;80;65;112
de-sh;Kiel;Bevoelkerung;2017_12_31;28;Einwohner nach Altersgruppen;Moorsee;80;98;131;56;70;59;48;65;73;147;205;203;141;159;148;100;103;75;80;71
de-sh;Kiel;Bevoelkerung;2017_12_31;29;Einwohner nach Altersgruppen;Wellsee;210;182;248;112;157;183;146;192;331;381;378;359;403;517;411;282;257;172;200;277
de-sh;Kiel;Bevoelkerung;2017_12_31;30;Einwohner nach Altersgruppen;Roenne;12;10;16;6;10;8;6;14;14;27;27;23;33;40;41;36;28;12;31;73
de-sh;Kiel;Bevoelkerung;2016_12_31;1;Einwohner nach Altersgruppen;Altstadt;17;10;7;6;5;5;24;78;123;68;38;28;32;43;25;36;23;29;43;151
de-sh;Kiel;Bevoelkerung;2016_12_31;2;Einwohner nach Altersgruppen;Vorstadt;21;17;11;11;7;7;48;162;213;117;83;59;63;70;49;61;67;66;72;115
de-sh;Kiel;Bevoelkerung;2016_12_31;3;Einwohner nach Altersgruppen;Exerzierplatz;155;83;77;45;42;59;222;824;1093;738;452;339;345;358;265;238;230;241;238;618
de-sh;Kiel;Bevoelkerung;2016_12_31;4;Einwohner nach Altersgruppen;Damperhof;79;50;45;17;36;33;121;396;548;371;253;153;178;181;152;135;142;128;137;282
de-sh;Kiel;Bevoelkerung;2016_12_31;5;Einwohner nach Altersgruppen;Brunswik;126;89;87;45;61;67;218;813;1017;699;444;326;364;355;278;255;240;220;261;639
de-sh;Kiel;Bevoelkerung;2016_12_31;6;Einwohner nach Altersgruppen;Duesternbrook;63;75;101;44;73;73;120;263;293;236;182;190;210;240;165;173;165;169;200;271
de-sh;Kiel;Bevoelkerung;2016_12_31;7;Einwohner nach Altersgruppen;Bluecherpatz;388;251;309;139;173;203;321;906;1454;1204;877;676;791;748;619;507;457;404;385;630
de-sh;Kiel;Bevoelkerung;2016_12_31;8;Einwohner nach Altersgruppen;Wik;559;463;598;257;378;413;799;1706;2252;1654;1262;1057;1327;1315;1151;995;877;827;931;1440
de-sh;Kiel;Bevoelkerung;2016_12_31;9;Einwohner nach Altersgruppen;Ravensberg;298;204;182;85;114;126;596;1814;2499;1495;838;569;637;672;530;435;347;307;306;508
de-sh;Kiel;Bevoelkerung;2016_12_31;10;Einwohner nach Altersgruppen;Schreventeich;305;223;192;112;156;167;423;1619;2135;1290;753;566;653;622;569;483;410;359;390;702
de-sh;Kiel;Bevoelkerung;2016_12_31;11;Einwohner nach Altersgruppen;Suedfriedhof;305;231;220;127;180;200;584;1936;2830;1763;1086;761;913;861;681;547;458;401;501;1015
de-sh;Kiel;Bevoelkerung;2016_12_31;12;Einwohner nach Altersgruppen;Gaarden-Ost;638;584;711;388;515;530;733;1406;1966;1611;1485;1317;1424;1355;1179;870;694;549;468;752
de-sh;Kiel;Bevoelkerung;2016_12_31;13;Einwohner nach Altersgruppen;Gaarden-Sued/Kronsburg;312;268;368;160;253;250;342;592;776;706;658;641;781;940;807;584;578;516;568;874
de-sh;Kiel;Bevoelkerung;2016_12_31;14;Einwohner nach Altersgruppen;Hassee;267;241;312;151;290;297;482;916;1338;929;760;713;969;968;833;673;538;476;554;908
de-sh;Kiel;Bevoelkerung;2016_12_31;15;Einwohner nach Altersgruppen;Hasseldieksdamm;67;58;98;53;100;107;99;103;136;150;145;145;275;283;180;175;138;129;177;347
de-sh;Kiel;Bevoelkerung;2016_12_31;16;Einwohner nach Altersgruppen;Ellerbek;175;151;193;113;166;167;227;308;421;390;383;347;429;492;440;390;352;299;348;662
de-sh;Kiel;Bevoelkerung;2016_12_31;17;Einwohner nach Altersgruppen;Wellingdorf;247;180;237;126;173;188;264;500;657;501;438;438;568;644;592;506;462;372;448;833
de-sh;Kiel;Bevoelkerung;2016_12_31;18;Einwohner nach Altersgruppen;Holtenau;151;124;196;93;146;160;213;293;344;355;316;339;448;484;427;344;328;346;400;580
de-sh;Kiel;Bevoelkerung;2016_12_31;19;Einwohner nach Altersgruppen;Pries;209;203;270;131;212;222;253;335;443;378;410;427;620;673;552;448;456;376;409;727
de-sh;Kiel;Bevoelkerung;2016_12_31;20;Einwohner nach Altersgruppen;Friedrichsort;63;55;60;47;36;48;62;93;153;132;112;140;158;178;132;121;103;107;121;287
de-sh;Kiel;Bevoelkerung;2016_12_31;21;Einwohner nach Altersgruppen;Neumuehlen/Dietrichsdorf;394;324;439;195;335;353;527;874;1052;839;678;701;811;986;837;747;622;560;665;1084
de-sh;Kiel;Bevoelkerung;2016_12_31;22;Einwohner nach Altersgruppen;Elmschenhagen;475;461;632;334;491;561;617;738;1038;963;980;940;1396;1544;1293;1168;1092;863;875;1167
de-sh;Kiel;Bevoelkerung;2016_12_31;23;Einwohner nach Altersgruppen;Suchsdorf;225;263;422;202;317;308;292;324;396;354;483;587;883;812;691;600;541;520;626;901
de-sh;Kiel;Bevoelkerung;2016_12_31;24;Einwohner nach Altersgruppen;Schilksee;84;86;130;57;91;115;118;105;165;176;203;194;290;378;357;411;502;553;563;823
de-sh;Kiel;Bevoelkerung;2016_12_31;25;Einwohner nach Altersgruppen;Mettenhof;732;842;1146;521;791;743;736;919;1267;1164;1222;1100;1257;1454;1335;1065;928;856;1005;1398
de-sh;Kiel;Bevoelkerung;2016_12_31;26;Einwohner nach Altersgruppen;Russee;172;150;249;124;239;251;228;216;313;326;375;428;609;631;674;587;461;357;401;501
de-sh;Kiel;Bevoelkerung;2016_12_31;27;Einwohner nach Altersgruppen;Meimersdorf;147;167;238;101;141;112;89;86;151;234;306;338;342;225;159;129;101;84;64;106
de-sh;Kiel;Bevoelkerung;2016_12_31;28;Einwohner nach Altersgruppen;Moorsee;87;98;132;52;66;55;54;54;73;165;206;180;156;157;131;102;100;84;71;94
de-sh;Kiel;Bevoelkerung;2016_12_31;29;Einwohner nach Altersgruppen;Wellsee;196;204;220;106;167;161;157;215;328;375;378;343;439;481;391;283;244;185;206;297
de-sh;Kiel;Bevoelkerung;2016_12_31;30;Einwohner nach Altersgruppen;Roenne;15;10;10;8;8;7;13;10;23;24;26;22;35;38;42;37;24;15;32;51
de-sh;Kiel;Bevoelkerung;2015_12_31;1;Einwohner nach Altersgruppen;Altstadt;12;6;6;3;5;4;19;74;107;57;47;18;35;30;19;37;17;24;38;140
de-sh;Kiel;Bevoelkerung;2015_12_31;2;Einwohner nach Altersgruppen;Vorstadt;28;19;11;8;9;4;50;170;231;119;82;62;74;62;52;56;66;66;78;93
de-sh;Kiel;Bevoelkerung;2015_12_31;3;Einwohner nach Altersgruppen;Exerzierplatz;142;78;78;40;45;56;193;802;1152;686;452;319;354;350;270;227;229;262;229;602
de-sh;Kiel;Bevoelkerung;2015_12_31;4;Einwohner nach Altersgruppen;Damperhof;79;48;46;25;31;30;116;405;537;384;247;161;185;173;137;140;141;127;132;268
de-sh;Kiel;Bevoelkerung;2015_12_31;5;Einwohner nach Altersgruppen;Brunswik;132;79;96;42;58;70;233;812;1050;698;466;313;378;336;274;272;224;239;264;615
de-sh;Kiel;Bevoelkerung;2015_12_31;6;Einwohner nach Altersgruppen;Duesternbrook;80;73;88;53;64;85;114;243;303;222;187;179;246;203;172;171;178;190;187;243
de-sh;Kiel;Bevoelkerung;2015_12_31;7;Einwohner nach Altersgruppen;Bluecherpatz;357;266;304;115;205;191;310;952;1509;1205;860;705;797;717;598;502;448;410;384;617
de-sh;Kiel;Bevoelkerung;2015_12_31;8;Einwohner nach Altersgruppen;Wik;540;487;563;244;354;424;742;1667;2141;1610;1237;1029;1374;1291;1115;958;861;899;886;1393
de-sh;Kiel;Bevoelkerung;2015_12_31;9;Einwohner nach Altersgruppen;Ravensberg;315;183;184;86;127;112;546;1873;2469;1424;804;596;667;636;511;417;346;324;303;483
de-sh;Kiel;Bevoelkerung;2015_12_31;10;Einwohner nach Altersgruppen;Schreventeich;291;198;198;111;154;149;443;1664;2172;1243;729;568;700;598;576;477;420;360;373;684
de-sh;Kiel;Bevoelkerung;2015_12_31;11;Einwohner nach Altersgruppen;Suedfriedhof;315;212;221;105;169;213;587;1987;2719;1712;1017;803;944;818;675;501;445;464;508;966
de-sh;Kiel;Bevoelkerung;2015_12_31;12;Einwohner nach Altersgruppen;Gaarden-Ost;604;557;693;347;465;533;692;1335;1889;1573;1411;1313;1446;1329;1071;863;696;554;452;758
de-sh;Kiel;Bevoelkerung;2015_12_31;13;Einwohner nach Altersgruppen;Gaarden-Sued/Kronsburg;299;272;373;157;256;245;329;564;771;711;650;648;816;925;792;575;551;546;559;798
de-sh;Kiel;Bevoelkerung;2015_12_31;14;Einwohner nach Altersgruppen;Hassee;260;230;307;179;285;309;463;954;1301;912;759;738;1016;956;827;657;513;545;558;840
de-sh;Kiel;Bevoelkerung;2015_12_31;15;Einwohner nach Altersgruppen;Hasseldieksdamm;61;65;91;62;103;93;115;109;132;136;154;148;280;265;175;180;128;149;168;332
de-sh;Kiel;Bevoelkerung;2015_12_31;16;Einwohner nach Altersgruppen;Ellerbek;152;139;175;116;162;165;182;326;381;375;348;343;468;458;433;363;358;316;333;624
de-sh;Kiel;Bevoelkerung;2015_12_31;17;Einwohner nach Altersgruppen;Wellingdorf;220;182;226;110;159;189;276;514;639;473;431;420;622;615;596;504;450;415;438;796
de-sh;Kiel;Bevoelkerung;2015_12_31;18;Einwohner nach Altersgruppen;Holtenau;149;143;197;98;134;172;257;284;363;361;322;358;468;483;402;358;322;364;386;567
de-sh;Kiel;Bevoelkerung;2015_12_31;19;Einwohner nach Altersgruppen;Pries;205;188;270;129;216;228;239;328;404;362;434;434;639;674;553;423;458;404;407;694
de-sh;Kiel;Bevoelkerung;2015_12_31;20;Einwohner nach Altersgruppen;Friedrichsort;61;56;72;34;47;48;68;94;137;140;115;124;168;160;131;108;126;113;125;264
de-sh;Kiel;Bevoelkerung;2015_12_31;21;Einwohner nach Altersgruppen;Neumuehlen/Dietrichsdorf;360;318;416;185;331;366;450;807;958;793;634;681;854;985;809;726;625;616;602;1021
de-sh;Kiel;Bevoelkerung;2015_12_31;22;Einwohner nach Altersgruppen;Elmschenhagen;473;442;633;316;496;595;610;798;1005;953;951;1025;1449;1505;1296;1173;1087;890;813;1071
de-sh;Kiel;Bevoelkerung;2015_12_31;23;Einwohner nach Altersgruppen;Suchsdorf;229;253;437;226;296;312;282;323;384;362;497;619;897;789;673;608;530;582;599;849
de-sh;Kiel;Bevoelkerung;2015_12_31;24;Einwohner nach Altersgruppen;Schilksee;78;75;111;52;91;110;94;117;153;147;191;211;288;375;356;408;507;617;522;743
de-sh;Kiel;Bevoelkerung;2015_12_31;25;Einwohner nach Altersgruppen;Mettenhof;712;841;1075;517;756;754;716;966;1183;1172;1146;1120;1286;1445;1315;1064;930;948;957;1282
de-sh;Kiel;Bevoelkerung;2015_12_31;26;Einwohner nach Altersgruppen;Russee;158;165;237;134;250;235;223;238;284;358;343;451;624;649;691;543;430;407;347;457
de-sh;Kiel;Bevoelkerung;2015_12_31;27;Einwohner nach Altersgruppen;Meimersdorf;157;181;251;77;137;112;90;91;164;257;317;355;320;214;133;137;86;80;69;94
de-sh;Kiel;Bevoelkerung;2015_12_31;28;Einwohner nach Altersgruppen;Moorsee;81;96;106;47;58;54;52;48;79;162;188;165;168;150;131;96;97;88;61;92
de-sh;Kiel;Bevoelkerung;2015_12_31;29;Einwohner nach Altersgruppen;Wellsee;188;178;240;100;163;152;162;230;346;370;381;338;471;440;373;274;238;184;205;276
de-sh;Kiel;Bevoelkerung;2015_12_31;30;Einwohner nach Altersgruppen;Roenne;12;8;11;6;10;5;13;11;27;29;18;25;45;36;38;32;22;19;38;37
de-sh;Kiel;Bevoelkerung;2014_12_31;1;Einwohner nach Altersgruppen;Altstadt;11;4;5;1;4;2;26;79;103;58;41;21;31;24;25;29;21;23;41;132
de-sh;Kiel;Bevoelkerung;2014_12_31;2;Einwohner nach Altersgruppen;Vorstadt;30;11;10;4;9;1;29;139;191;126;79;56;71;66;52;59;55;62;71;68
de-sh;Kiel;Bevoelkerung;2014_12_31;3;Einwohner nach Altersgruppen;Exerzierplatz;128;82;74;21;51;49;190;849;1097;711;432;324;368;334;291;226;224;275;247;591
de-sh;Kiel;Bevoelkerung;2014_12_31;4;Einwohner nach Altersgruppen;Damperhof;75;46;39;27;28;35;99;420;527;392;242;169;187;169;130;147;128;131;140;268
de-sh;Kiel;Bevoelkerung;2014_12_31;5;Einwohner nach Altersgruppen;Brunswik;126;87;93;45;52;75;207;836;1020;693;458;330;386;324;281;272;206;261;266;619
de-sh;Kiel;Bevoelkerung;2014_12_31;6;Einwohner nach Altersgruppen;Duesternbrook;86;74;88;45;77;77;119;228;328;213;201;176;244;207;168;178;175;192;178;228
de-sh;Kiel;Bevoelkerung;2014_12_31;7;Einwohner nach Altersgruppen;Bluecherpatz;364;268;296;121;209;176;282;969;1396;1222;825;768;796;713;575;516;421;429;359;589
de-sh;Kiel;Bevoelkerung;2014_12_31;8;Einwohner nach Altersgruppen;Wik;500;473;513;240;328;399;728;1646;2001;1487;1212;1083;1378;1269;1105;933;842;958;887;1255
de-sh;Kiel;Bevoelkerung;2014_12_31;9;Einwohner nach Altersgruppen;Ravensberg;295;167;191;81;118;110;516;1980;2357;1422;805;597;652;597;506;397;317;358;278;503
de-sh;Kiel;Bevoelkerung;2014_12_31;10;Einwohner nach Altersgruppen;Schreventeich;296;168;215;104;157;147;432;1682;2101;1273;764;602;688;603;549;493;388;398;353;671
de-sh;Kiel;Bevoelkerung;2014_12_31;11;Einwohner nach Altersgruppen;Suedfriedhof;312;206;223;106;184;214;533;1975;2593;1720;984;832;1001;794;619;502;448;500;479;937
de-sh;Kiel;Bevoelkerung;2014_12_31;12;Einwohner nach Altersgruppen;Gaarden-Ost;565;519;640;312;431;490;651;1417;1737;1495;1350;1295;1439;1293;1053;816;681;581;422;713
de-sh;Kiel;Bevoelkerung;2014_12_31;13;Einwohner nach Altersgruppen;Gaarden-Sued/Kronsburg;294;265;339;163;243;237;335;569;736;731;657;642;848;954;732;584;535;590;535;787
de-sh;Kiel;Bevoelkerung;2014_12_31;14;Einwohner nach Altersgruppen;Hassee;247;238;311;182;286;299;437;985;1187;947;747;770;1055;940;777;643;510;599;536;803
de-sh;Kiel;Bevoelkerung;2014_12_31;15;Einwohner nach Altersgruppen;Hasseldieksdamm;64;63;95;65;90;101;86;119;137;116;142;154;293;246;183;168;133;157;170;324
de-sh;Kiel;Bevoelkerung;2014_12_31;16;Einwohner nach Altersgruppen;Ellerbek;146;126;206;96;169;164;168;326;381;354;327;338;480;444;398;356;357;339;340;573
de-sh;Kiel;Bevoelkerung;2014_12_31;17;Einwohner nach Altersgruppen;Wellingdorf;199;185;218;113;158;188;287;486;628;479;425;456;619;636;562;501;446;447;431;778
de-sh;Kiel;Bevoelkerung;2014_12_31;18;Einwohner nach Altersgruppen;Holtenau;110;97;145;76;125;133;147;176;253;248;257;334;484;471;368;365;296;415;355;511
de-sh;Kiel;Bevoelkerung;2014_12_31;19;Einwohner nach Altersgruppen;Pries;196;207;249;115;213;237;239;313;392;381;424;462;654;629;512;452;423;449;394;680
de-sh;Kiel;Bevoelkerung;2014_12_31;20;Einwohner nach Altersgruppen;Friedrichsort;50;55;76;16;43;58;60;92;148;113;119;124;184;144;142;101;121;126;131;234
de-sh;Kiel;Bevoelkerung;2014_12_31;21;Einwohner nach Altersgruppen;Neumuehlen/Dietrichsdorf;341;291;407;215;333;345;457;780;922;750;601;740;874;958;793;720;594;686;565;987
de-sh;Kiel;Bevoelkerung;2014_12_31;22;Einwohner nach Altersgruppen;Elmschenhagen;406;428;629;302;515;591;611;796;935;928;931;1066;1528;1492;1242;1222;1018;982;754;1012
de-sh;Kiel;Bevoelkerung;2014_12_31;23;Einwohner nach Altersgruppen;Suchsdorf;232;279;434;223;296;308;289;335;375;363;522;666;873;770;657;565;531;651;552;786
de-sh;Kiel;Bevoelkerung;2014_12_31;24;Einwohner nach Altersgruppen;Schilksee;74;73;107;55;97;118;95;123;153;156;181;222;295;382;360;442;489;666;490;697
de-sh;Kiel;Bevoelkerung;2014_12_31;25;Einwohner nach Altersgruppen;Mettenhof;698;802;1007;506;736;759;706;995;1138;1198;1096;1105;1328;1425;1298;1045;877;1050;920;1156
de-sh;Kiel;Bevoelkerung;2014_12_31;26;Einwohner nach Altersgruppen;Russee;149;161;245;145;245;246;237;248;299;321;347;510;630;664;691;522;387;443;329;409
de-sh;Kiel;Bevoelkerung;2014_12_31;27;Einwohner nach Altersgruppen;Meimersdorf;146;170;216;90;136;91;90;71;153;227;307;335;305;188;131;122;86;78;64;94
de-sh;Kiel;Bevoelkerung;2014_12_31;28;Einwohner nach Altersgruppen;Moorsee;79;99;102;38;60;44;54;60;94;164;185;150;162;154;125;89;85;92;61;89
de-sh;Kiel;Bevoelkerung;2014_12_31;29;Einwohner nach Altersgruppen;Wellsee;172;185;223;103;166;145;180;237;361;397;310;346;481;436;347;285;201;229;188;255
de-sh;Kiel;Bevoelkerung;2014_12_31;30;Einwohner nach Altersgruppen;Roenne;9;6;13;7;8;6;18;11;28;19;22;28;47;30;42;31;18;28;33;38
